Device_ID,CPU_Usage (%),Memory_Usage (%),Battery_Level (%),Network_Latency (ms),Packet_Loss (%),Temperature (°C),Uptime (hrs),Workload_Intensity,Error_Count,Failure_Type
2056,35.0684,66.9178,57.8714,294.8349,16.5244,33.1045,46.2669,2,8,3
3342,58.9241,51.9233,7.0874,50.5414,1.6736,43.3372,180.8492,2,6,1
2234,25.9097,31.697,79.8321,218.567,16.1889,50.4205,12.8859,1,8,3
1436,45.1233,37.6537,79.6485,29.3824,0.0,41.6421,27.7396,1,2,0
3994,87.0453,87.2333,58.7377,64.8874,0.3775,74.7094,106.1851,3,8,4
3770,31.478,33.463,9.705,45.3149,1.2689,39.3755,83.2543,3,5,1
2779,94.7666,92.5862,43.863,55.478,2.1432,71.4579,46.6131,2,12,2
2497,19.2059,55.1315,42.9838,150.0,18.2953,56.404,106.5142,2,10,3
3209,10.1041,56.3437,68.7347,75.2711,0.7227,45.9475,24.8594,1,3,0
1237,61.9662,59.6154,59.5977,60.0796,0.5209,70.2126,81.0414,3,6,4
3727,34.2198,38.5067,46.9179,176.2745,32.2785,45.0696,74.1087,1,9,3
3398,18.1427,70.0183,60.0463,52.5166,0.9329,34.7717,75.597,1,0,0
1009,44.1852,60.389,10.5707,25.9049,1.4488,51.4914,113.8133,2,8,1
2999,91.1745,100.0,76.8102,64.511,2.5971,68.3382,98.9693,3,13,2
2301,80.7203,71.6408,62.3478,61.8828,0.0,81.6515,76.3654,3,5,4
3023,35.4238,53.0523,8.592,49.1902,0.0,56.0634,96.3036,1,4,1
3175,45.9907,70.8237,10.9877,95.6439,0.3883,52.8223,151.2225,1,8,1
1799,35.7345,41.5606,74.0269,75.7819,0.0,50.7642,45.1912,1,3,0
3601,77.0972,69.4004,32.0199,75.4315,1.899,77.9346,168.9242,3,7,4
2699,80.0537,55.1931,24.6566,51.8673,1.2685,80.6716,81.7542,3,6,4
2035,41.7503,39.9401,87.6731,27.2426,1.1555,43.6068,41.7802,1,2,0
2748,38.4477,19.4401,74.6811,71.6955,0.0,33.772,28.2243,2,1,0
1403,20.0947,49.2274,8.4269,55.1937,0.6032,62.2433,186.4877,3,4,1
1730,50.0575,52.0556,81.3047,152.8134,14.5699,39.1871,1.0,2,5,3
2943,81.8069,77.7958,39.4777,60.7338,0.3398,64.4304,144.5406,3,9,2
1814,59.6078,68.2893,70.4503,100.0124,0.0,83.1412,146.1667,2,4,4
3091,76.068,70.9841,61.4807,89.9132,1.608,84.0386,87.6029,2,4,4
3635,84.1107,75.6611,61.726,62.6102,0.0541,66.3402,10.5625,3,9,2
3255,44.4399,34.8597,76.842,81.7706,0.8962,45.5378,8.9563,2,3,0
1550,78.3398,69.4334,73.3655,65.0843,0.0581,64.0224,52.7896,3,7,2
1069,37.5594,55.2743,13.7252,64.4394,0.6403,34.788,123.0317,2,3,1
1583,88.4851,80.4819,57.2351,92.1344,0.8897,50.2152,45.9932,3,12,2
1466,47.1814,37.7526,0.0,41.5748,1.3835,44.769,127.1944,2,7,1
2637,96.6248,58.0503,37.7989,64.3576,0.0,91.9975,118.4542,3,6,4
1895,42.2884,36.6341,71.6597,75.7351,0.0,44.2188,7.5945,1,0,0
3214,25.5073,41.9346,14.1988,66.4282,1.1175,51.5404,146.9075,3,3,1
3755,13.9594,69.6139,91.9403,231.2258,23.9705,48.5919,17.9017,2,7,3
2247,57.5687,46.7884,68.4881,39.7719,0.0,43.3241,16.9513,2,2,0
1383,13.6492,52.1831,82.6797,14.7964,0.8146,38.4689,30.9051,1,3,0
2950,94.3201,76.7249,79.9179,64.4178,0.0,48.9945,63.706,3,9,2
1846,23.3943,18.1994,43.9317,62.1967,0.0,41.0736,5.6857,1,3,0
3401,48.7933,39.8649,65.2926,85.6025,0.0,43.3641,59.4424,2,3,0
2235,46.8908,64.7221,61.0563,60.9201,0.087,33.6233,29.2901,2,2,0
3702,23.4718,44.3387,16.6478,66.7816,2.8388,50.442,128.0993,1,6,1
2675,85.5406,71.6191,55.2549,44.705,0.9709,64.4857,90.1314,3,9,2
2055,82.8176,72.369,40.4575,54.1021,0.0,63.0642,43.6062,3,11,2
3111,84.7861,72.6769,74.8177,115.2242,2.3712,83.3859,10.0,3,4,4
3951,47.0126,32.901,32.2244,64.2544,1.388,49.898,1.0,2,1,0
1652,64.1797,43.2801,25.4214,36.7003,0.5166,68.1094,53.0194,3,7,4
3759,91.265,80.4887,80.9193,31.1611,2.2217,56.778,1.0,3,14,2
1798,19.4451,40.8563,14.3802,49.4651,0.7542,40.9456,135.0829,3,6,1
1915,38.6989,61.6294,79.4753,239.2085,21.7147,42.9976,24.8584,2,9,3
2663,49.6591,50.6892,64.6252,66.2964,0.6638,50.836,59.0334,2,0,0
3415,65.904,42.7714,43.1695,71.3829,1.4057,81.1127,62.0694,2,4,4
3955,14.8798,29.774,52.6218,15.59,0.1531,45.348,44.6613,2,1,0
2207,65.1599,75.7975,30.7411,76.8117,1.7134,79.0277,62.0641,3,8,4
1856,88.1004,93.9141,74.1654,22.8551,2.0363,55.3965,5.0827,3,14,2
2793,34.0226,59.2996,13.6755,78.906,0.6573,55.8973,173.3273,1,5,1
2831,97.9143,68.8903,64.4891,35.8324,1.3292,86.0643,93.5775,3,5,4
1898,51.6559,46.8942,7.9797,76.327,0.6978,32.0279,137.2348,2,4,1
2545,31.1825,48.2823,8.2622,109.3925,0.7958,46.2063,81.7201,1,6,1
1842,57.913,10.0,9.008,70.1055,0.0,42.2973,144.6624,2,6,1
1047,46.5647,56.4173,11.7329,21.2446,0.0,44.7648,73.5184,2,5,1
1849,42.3314,24.8674,52.7041,84.1138,0.1804,25.0,62.5211,2,0,0
2442,49.4693,42.3874,94.7519,65.7821,0.1775,34.5261,57.7008,1,1,0
1543,33.7252,29.8349,11.1701,28.888,0.2738,41.6392,81.5633,3,4,1
3885,89.2404,78.8388,77.9962,74.3074,0.0,68.7481,57.8762,3,13,2
2024,80.6281,71.2941,46.7953,23.2386,0.0,68.1815,121.358,2,12,2
1385,91.4712,73.95,83.5216,1.0,2.5594,66.5758,90.2277,3,7,2
1191,26.6846,45.0466,51.0347,91.4445,0.6794,42.3227,71.9792,2,1,0
3287,85.5799,76.9939,30.4736,93.3892,0.0,58.6123,18.925,3,13,2
1046,91.5414,45.8192,64.8025,45.5842,2.302,73.7837,152.4242,2,3,4
3230,77.4008,68.3004,71.9006,103.8096,0.0,85.5961,69.3651,2,9,4
1636,54.1564,73.5255,100.0,214.7882,18.3459,25.0,81.3695,1,5,3
1278,34.656,29.5378,81.2141,75.0734,1.3069,48.2494,27.7694,2,2,0
3456,57.1521,55.7891,15.6823,80.3987,0.0135,34.6539,190.5155,2,6,1
1970,23.6801,41.0823,76.3977,221.6371,21.0673,54.1743,38.3895,1,6,3
2776,90.6103,45.0963,57.6915,92.0162,1.1887,92.8185,41.0156,2,6,4
1480,39.0408,49.9181,45.1818,274.4598,19.2226,35.3637,27.1693,1,7,3
2574,73.2806,58.6981,52.4855,47.372,1.9114,80.0489,36.4717,3,6,4
2757,44.2584,55.5994,50.9006,244.742,33.5452,59.2345,41.1604,1,9,3
3859,43.7405,63.4306,29.7951,187.3577,10.4786,41.6237,113.2124,2,6,3
3781,55.1167,55.0474,23.1056,53.9841,0.6175,44.9933,94.9091,1,6,1
2970,53.6632,61.7045,77.1111,314.7844,10.0,53.9544,67.3929,1,4,3
2939,37.5305,42.2752,60.7714,272.6913,26.0156,44.9695,20.154,2,6,3
2972,27.8059,46.4855,56.514,50.5081,0.4636,38.8178,120.0,2,3,0
2448,68.6245,74.74,60.3859,49.977,0.0,87.6205,82.7834,3,4,4
3863,73.0388,68.8092,97.8788,63.7729,1.1266,58.9262,128.0915,3,7,2
3301,68.483,68.2585,51.1096,64.5425,1.7431,80.8271,185.0587,3,7,4
1698,65.6261,84.8969,64.7492,66.8969,0.0,81.1974,24.4668,3,5,4
3458,37.1402,31.9949,30.7549,61.1054,1.5319,39.4948,40.5163,1,0,0
3608,88.2132,67.7041,48.8042,112.9451,0.0,45.0,111.3816,3,9,2
3918,89.4222,61.9259,92.0355,53.896,1.1185,81.3229,141.2653,3,6,4
2605,81.9376,88.5771,42.3641,44.2168,0.0,60.3987,61.2426,3,7,2
2503,97.061,69.9597,54.5113,68.9982,0.0,64.4862,60.5349,2,14,2
1480,56.3383,45.7826,100.0,60.2819,0.0,42.9211,95.2616,1,3,0
2755,79.0256,53.8784,69.4201,74.6414,0.9957,81.5359,64.7792,3,9,4
1494,51.8931,60.2104,55.1798,228.7343,33.7977,46.3769,1.0,2,9,3
1535,20.8309,45.1808,71.6355,26.4911,0.4414,48.2145,82.7142,1,2,0
2538,86.93,84.0581,66.0173,50.131,2.2231,70.7413,40.4405,3,14,2
1382,41.6007,71.6859,53.556,170.2891,21.8515,45.5259,94.825,1,6,3
2683,43.2803,42.87,73.0198,9.0568,2.5829,39.0119,5.6808,2,0,0
3165,54.1189,29.2211,8.4911,47.0149,0.8134,39.4685,100.5821,1,8,1
2964,76.9695,62.5625,58.1744,99.0457,1.4331,63.2829,139.7955,3,10,2
3684,93.137,71.4113,59.6407,76.0428,2.2119,69.9225,6.6943,2,12,2
1937,34.8703,42.6519,12.7974,40.4845,1.6428,38.7827,148.7736,2,8,1
1496,32.7761,37.9175,77.2155,253.4409,26.6645,25.0,39.9405,1,5,3
3654,49.563,51.7249,76.6409,118.4461,0.0,41.7226,72.6576,1,3,0
2960,38.8042,11.2233,40.062,6.0994,0.0,35.7269,10.3314,1,3,0
3497,85.4682,91.3208,50.9081,75.0039,1.7352,52.9971,2.2801,3,9,2
2065,100.0,56.016,36.3975,43.9709,0.0,82.5314,156.1563,3,3,4
2541,75.0,24.6628,65.1984,108.3845,1.4141,40.5502,1.0,2,3,0
2185,72.8622,78.5918,62.7948,83.6165,0.5887,91.7481,74.307,3,7,4
2468,48.4432,63.8938,72.9507,154.3079,10.0,42.1881,24.5729,2,6,3
3480,54.0332,63.3944,78.1532,83.1936,0.0,41.6656,1.0,1,3,0
2546,37.978,52.993,39.5822,293.1519,24.5894,55.6567,117.8887,1,5,3
1626,44.5708,52.7312,52.1619,59.0073,0.1431,51.9922,79.0474,2,2,0
2884,52.4198,59.8111,46.7651,72.2346,0.3869,50.6996,1.0,1,0,0
2658,83.5468,81.5211,60.8952,52.2859,0.4552,59.6883,102.0194,2,10,2
3327,45.9315,65.871,58.4213,150.0,10.7305,44.7907,122.8846,1,6,3
3181,75.9712,57.5349,65.2202,44.6127,1.296,94.3769,79.3493,3,7,4
2925,93.5726,75.5708,56.2669,64.2509,0.0,62.8168,123.3615,2,11,2
2757,38.2544,52.3658,8.5049,53.6783,0.0195,63.8033,128.6877,3,8,1
2435,95.5807,75.4371,57.92,87.1753,2.2189,62.0817,93.3404,3,8,2
2546,78.4202,80.784,86.2115,69.195,1.5963,75.9212,111.0384,3,13,2
2091,40.2256,35.372,54.2941,150.0,13.0583,41.5529,111.6037,2,11,3
2638,44.1457,41.5197,45.8666,225.0402,20.635,49.0675,148.7179,2,10,3
1236,13.5462,55.7752,23.2114,37.3557,1.6822,55.758,107.387,2,5,1
3233,1.8508,13.7309,17.0564,39.4263,1.1448,60.2292,125.8655,2,4,1
2480,7.2951,36.5947,0.0,20.2362,2.578,33.088,152.9867,1,8,1
2020,18.7564,41.0724,71.9817,211.977,15.6779,45.4404,28.73,1,10,3
3865,92.5431,79.8868,45.3371,127.8017,0.9079,82.7285,38.6263,2,11,2
2385,31.2787,31.0854,59.8681,254.3941,23.7621,39.9247,53.4962,2,6,3
2795,97.5892,86.7334,58.6247,81.9263,0.0,70.9229,93.399,3,14,2
2174,52.1689,34.2375,19.5014,10.695,0.6412,34.2896,92.2782,1,5,1
1382,31.9915,59.792,45.5217,59.0225,0.9435,36.789,115.9654,2,3,0
2934,49.6499,59.9355,81.0398,67.5959,1.4903,31.5858,1.0,1,3,0
3260,98.8196,79.0165,56.1485,16.6201,0.0,77.5176,19.7154,3,8,2
1872,48.8957,58.5097,13.8959,109.9024,0.3737,45.0668,94.2474,3,4,1
2155,62.1679,60.3268,59.9775,238.1748,14.7114,40.3805,76.5667,1,8,3
2910,88.7017,57.5588,74.7514,103.7223,1.5802,90.6761,85.9915,3,6,4
2222,85.1263,67.3857,74.3068,36.3347,3.4066,57.6569,84.1863,3,12,2
3449,34.8025,48.2756,74.3858,194.473,41.5168,50.5254,60.4607,1,6,3
3916,79.2434,73.0859,69.1454,31.3491,1.156,81.393,103.5122,3,3,4
1058,33.3188,25.13,77.4654,150.0,26.5339,47.8307,44.7469,1,7,3
3768,38.0329,26.3737,64.401,34.0855,0.3759,29.3495,76.6824,1,3,0
1635,40.6604,61.4474,71.5885,187.2973,25.6763,32.0492,71.6804,2,5,3
2446,41.257,25.5528,77.3379,243.7171,18.8156,35.2806,44.8649,1,10,3
1071,52.2309,53.4637,64.6659,236.8261,30.7079,34.437,81.6525,1,4,3
2214,29.1766,49.183,73.6423,51.4462,1.0529,50.6516,50.5261,1,1,0
2251,16.4656,63.4,54.0102,246.2584,25.2969,30.6579,100.1899,2,8,3
3615,79.3469,62.4997,43.1173,110.8658,0.0901,70.2233,44.5598,3,5,4
3660,40.8221,50.7452,21.9693,71.8923,1.1923,29.409,193.5937,1,4,1
1243,39.0145,47.0587,49.78,233.8777,26.1202,48.4463,75.7394,2,6,3
1893,56.0271,34.3185,51.3613,65.6074,1.3632,39.2387,50.7789,1,1,0
3855,14.1578,31.6683,70.9338,262.5378,21.2504,47.891,23.3188,2,6,3
2901,46.4313,45.1717,45.7185,40.3506,0.8682,47.5207,104.7464,1,1,0
3693,86.8389,51.2422,41.8983,91.6027,0.0,83.1811,84.6271,2,4,4
3137,91.1754,68.9588,61.1411,83.4233,0.0,46.6179,41.9226,3,8,2
1399,87.9281,63.2273,33.8361,68.5493,0.8454,88.4069,114.2056,3,7,4
3283,70.7448,73.7059,29.3684,50.4143,0.0472,65.6356,62.2964,2,10,2
3380,28.7603,46.2071,100.0,272.4595,15.338,42.3317,11.6342,2,10,3
3555,23.5482,75.0,100.0,76.5111,1.8123,35.2495,47.1804,1,2,0
1629,35.3938,46.6592,81.4319,5.339,0.0,39.9782,33.209,1,0,0
2651,75.4202,73.4504,41.5484,120.3598,0.4618,51.7556,64.4508,3,13,2
2671,88.0007,69.7966,58.37,76.0913,1.898,48.4326,2.6737,3,12,2
2218,33.0647,52.231,81.9312,76.9631,1.558,45.482,16.983,1,3,0
3354,55.0,74.3165,59.4443,49.1855,2.762,78.8007,121.811,3,3,4
3526,21.0102,38.8763,68.5927,150.0,13.1007,42.6581,64.0915,1,4,3
1960,33.2715,34.7122,68.7844,66.5189,1.4425,52.456,60.4932,1,1,0
2412,60.2666,44.8094,59.4259,111.8672,1.8611,83.4799,67.1903,3,4,4
2603,77.8425,52.5287,59.3525,90.6338,0.5017,77.5012,113.923,3,6,4
1790,90.4974,97.361,82.2777,82.2665,1.4967,50.2335,71.5667,3,10,2
3657,37.4967,22.9468,0.4111,114.3224,0.0714,45.5507,155.4782,1,5,1
3684,76.8176,54.6144,68.5138,54.2951,0.7526,91.9455,130.5417,3,6,4
2313,85.2967,75.1269,38.6748,51.5748,0.7786,64.3211,41.142,2,8,2
1588,70.0,50.2755,76.7979,191.5531,20.5282,35.2566,50.8321,1,6,3
2647,95.1199,72.3205,89.2735,87.4125,0.0,61.4366,31.4424,2,12,2
3389,49.5621,64.3267,85.7194,62.1165,0.0,31.3142,31.7269,1,1,0
2120,79.0607,88.8552,50.5197,29.0562,1.0445,59.4766,96.5788,3,9,2
2072,8.9052,61.9835,98.9743,55.1255,2.9476,30.9507,31.1478,2,1,0
3063,55.0,76.4999,44.6604,51.8651,0.9769,78.774,110.0026,3,8,4
3657,17.4931,54.8995,62.3887,347.9066,37.5467,41.0739,70.3032,2,4,3
3643,84.4959,69.4173,56.9794,69.0008,0.6234,74.2246,79.3253,2,6,4
1991,52.5267,31.1567,75.4316,58.6224,2.0144,43.9412,46.9767,1,2,0
3570,38.2204,45.9058,76.3685,99.3771,1.513,47.0169,47.865,1,0,0
3967,34.2522,52.6683,63.8616,65.7915,0.8759,42.69,38.7563,2,1,0
2886,26.3711,65.0937,68.7047,168.9893,12.9696,47.5976,46.6252,2,8,3
2751,82.7394,80.117,39.2882,76.9548,2.6614,56.4013,28.7376,3,13,2
3681,81.2726,82.7403,37.6481,91.3428,0.1149,59.122,97.9526,3,14,2
1748,25.7007,34.4816,4.5255,69.4192,0.0,39.0669,117.8723,1,5,1
3859,20.5765,38.4756,0.0,60.8198,0.0,38.0048,120.8406,2,3,1
2497,22.6799,40.4729,63.155,260.6755,20.3102,41.7388,82.5398,2,8,3
1139,40.0951,36.2012,61.1098,46.3366,0.0,51.1037,38.1307,1,3,0
3788,41.1555,55.8249,13.2945,88.1325,0.8514,41.2062,129.2995,2,7,1
1629,84.2528,71.2415,41.0782,53.3189,0.2614,96.7717,10.0,3,3,4
3860,43.0346,58.8654,82.9457,41.5406,1.1606,44.4248,31.4584,1,1,0
1520,78.4603,43.126,86.9482,69.1932,0.0,80.8069,10.0,3,4,4
1796,33.4593,35.0756,9.6148,46.1916,1.9492,25.0,181.5452,2,6,1
1760,46.5215,50.0487,100.0,47.6785,0.7145,36.8203,15.5252,2,1,0
1599,88.9244,83.2622,27.434,91.3638,1.687,67.4225,34.6572,2,9,2
2961,53.2224,55.239,78.6126,288.5531,15.16,42.8109,92.4788,1,8,3
1037,20.1041,36.3316,100.0,104.4296,1.159,41.5079,40.854,1,0,0
3993,81.2527,69.4051,59.5974,89.593,0.0,82.3017,134.3263,2,9,4
2374,41.9158,59.6068,79.2744,289.3065,18.2448,41.8288,124.9791,1,8,3
3960,95.1044,82.8423,54.2401,87.6295,0.1127,71.9819,15.7744,3,10,2
2382,58.2673,37.0463,51.1271,193.4181,18.2005,37.3544,4.0325,1,10,3
3640,53.3692,37.4798,66.3537,168.3162,20.7807,35.3122,71.1022,1,8,3
2052,30.2063,72.0261,84.6319,50.3053,0.0,32.4773,19.2721,1,0,0
2287,34.0162,42.6661,57.6052,150.0,25.0778,43.7718,1.0,1,9,3
3859,70.0,40.4415,81.9506,230.4661,19.1296,49.9083,81.3561,2,8,3
3294,81.5339,70.6272,29.5661,89.3597,1.4158,47.6908,59.8974,3,12,2
1044,83.8572,76.8548,30.1849,83.8935,0.5382,66.0339,17.5234,3,12,2
1584,44.2752,49.4483,70.0576,253.9614,30.6846,40.3206,47.1705,1,10,3
2110,47.9687,64.8919,13.6273,82.1717,0.8757,35.4796,87.6784,1,7,1
2912,46.8516,57.2516,89.9043,78.1214,1.9532,38.2687,31.0024,1,2,0
2732,32.3164,38.921,54.2381,32.0668,0.0,32.1639,30.4161,2,0,0
2519,35.7267,29.3243,61.8289,38.3396,0.5058,33.1533,55.1287,2,3,0
2551,56.6975,51.4511,32.0742,275.0651,10.0,39.6344,14.1452,2,10,3
3885,50.0161,49.107,34.7293,227.5487,12.1219,43.8566,13.7016,1,6,3
1228,89.6416,65.7642,66.0438,107.4392,0.0,64.5676,33.3687,3,12,2
1830,92.9847,69.6922,30.5004,85.2504,0.1441,73.395,83.9266,3,9,2
1412,37.4622,75.0,13.4224,39.1435,0.0,35.72,138.0329,1,3,1
3203,75.6111,69.432,46.5303,33.3057,1.2469,84.2268,10.3825,3,5,4
1185,86.1098,75.9363,40.2455,87.588,0.1169,78.1038,71.9793,3,12,2
3453,27.3151,51.1676,45.6028,66.1671,0.6009,34.4547,71.4038,1,0,0
3751,75.0,11.291,68.7929,39.9595,1.005,57.7776,35.7776,1,0,0
3905,24.6856,58.6227,59.8443,238.0909,20.485,59.4569,28.4423,1,10,3
3429,38.0803,25.9937,2.6904,37.9315,0.0,53.2644,91.5052,2,8,1
3708,47.2112,38.1174,100.0,20.9699,1.6022,43.2326,120.0,1,2,0
3284,86.9178,82.3859,25.5114,71.8747,0.0,72.2341,82.6794,3,13,2
3047,34.0253,36.7459,90.6472,150.0,21.3196,46.761,79.9021,1,11,3
1359,83.3044,54.993,84.5764,69.1461,0.0,88.9169,43.3727,3,9,4
3766,36.3208,49.1786,94.0077,69.1613,0.4834,39.037,52.7458,2,3,0
3636,30.2507,36.5324,0.0,62.3125,0.0,40.2371,138.2963,2,8,1
3360,39.0883,65.4051,20.3449,98.1694,0.0,43.2925,122.1497,1,5,1
3801,48.2264,38.8238,58.2337,37.92,2.1251,45.9249,47.1764,1,0,0
1059,95.1746,74.2351,79.2667,77.094,1.6442,59.8076,89.0165,3,7,2
2878,77.7025,89.4244,55.9753,92.585,1.8212,75.9547,51.3336,3,8,4
1847,63.7725,43.1064,0.3501,91.2066,0.932,55.2038,113.1938,2,8,1
1836,89.5111,60.5338,10.0,73.8657,0.0,74.478,19.4812,2,3,4
2651,20.112,41.548,5.6403,62.7335,0.4323,26.0503,165.0562,1,7,1
2946,46.7267,51.7801,54.5599,213.7438,10.0,35.3569,64.2058,1,6,3
2487,30.1095,24.6976,63.4479,171.016,31.0983,48.1602,37.9332,2,4,3
2472,25.1569,62.8159,78.4169,62.3707,0.8262,65.0,27.2716,1,2,0
2155,59.8099,46.5289,81.7259,83.5648,1.0855,39.0125,6.6966,2,2,0
3159,47.6502,44.5436,21.2642,86.3561,0.0,26.1765,171.0463,1,8,1
1480,28.3078,24.0284,63.9253,77.4372,0.9092,47.8633,25.4519,2,2,0
2036,44.0166,36.4283,0.9516,26.2437,1.3554,34.1146,156.9332,1,7,1
3747,74.7975,51.5612,47.0521,48.7515,0.0,74.7998,122.6804,3,4,4
3809,46.6943,46.9356,25.0,37.299,1.3737,34.8173,113.0936,2,8,1
3665,91.3838,85.8767,15.0,21.118,2.8746,59.7079,64.6749,3,11,2
3355,42.5888,48.042,77.468,79.2464,0.805,27.9097,21.9104,1,2,0
2600,30.6879,55.0909,16.5516,61.6801,2.1373,55.1786,122.5538,1,6,1
2138,63.2508,55.3805,62.4213,18.7601,0.0,91.9119,50.5317,3,8,4
2137,83.3305,60.9303,56.8424,80.7281,1.3074,86.4035,61.4796,3,6,4
2278,35.9528,51.7904,36.1454,206.9354,21.145,36.5514,5.7732,1,5,3
3502,70.7318,79.3086,100.0,56.5956,0.3892,70.1634,98.4467,2,5,4
3605,37.9753,55.7821,63.0638,243.5532,17.2214,46.5783,71.0846,1,10,3
1409,34.3539,47.9299,40.0288,163.1616,17.271,50.3292,19.6522,2,7,3
3821,89.8429,70.029,20.674,67.5742,0.0,48.1815,32.1485,2,12,2
1224,95.7975,78.0342,51.353,47.6499,1.2383,60.5257,69.1647,3,7,2
2665,42.3999,50.9549,74.6589,65.4318,0.0,43.417,63.797,1,0,0
3697,50.1367,57.0063,13.6335,1.0,0.1305,53.8703,148.412,1,5,1
1684,43.6249,67.2738,63.5479,43.8948,1.1556,27.8005,1.0,1,2,0
1680,65.9543,31.1029,100.0,274.2534,19.1052,40.4213,35.1847,1,7,3
3062,78.4381,35.0,55.3071,44.1312,0.4536,82.6419,102.2627,2,8,4
3843,79.4058,89.3816,63.5999,65.3333,0.7816,90.0452,85.4641,3,7,4
2118,64.767,86.1079,52.7245,104.8403,0.0,86.6954,138.6322,2,9,4
3832,75.0,66.5295,67.791,10.3964,0.8171,42.1472,34.7007,1,0,0
3503,16.178,48.7232,74.678,304.7508,26.7121,50.7439,69.203,2,8,3
1887,26.9193,41.0653,13.5462,57.4236,0.9049,49.4795,78.0736,1,5,1
2303,23.5522,55.5198,69.7704,196.9587,14.8821,42.3038,1.0,1,8,3
3430,46.785,65.7256,50.3703,59.1599,1.3451,44.8154,47.8605,2,2,0
3457,51.6584,31.9116,0.0,32.9364,0.4929,35.7334,119.2759,3,7,1
1773,54.2185,36.8352,3.6138,54.9279,1.512,40.2684,232.9609,2,3,1
3996,82.485,65.0196,50.5057,74.4823,0.0,82.7453,62.3164,3,6,4
2666,31.7496,15.4094,18.6779,88.7224,0.0,54.1546,157.7345,2,7,1
1282,12.3744,71.4135,0.0,89.0114,1.5272,38.0812,159.3611,1,7,1
3283,71.927,56.1002,46.0019,53.2277,1.5625,46.4384,59.0914,1,0,0
2118,84.7155,92.484,41.879,72.8698,1.4297,73.5985,17.2268,3,7,2
2007,44.9191,24.5663,6.1657,73.1261,1.4761,55.9176,94.8361,2,4,1
3196,33.8938,28.2807,48.0292,32.7388,0.0,39.5744,45.2805,2,3,0
1362,33.3918,44.8745,6.2189,59.2971,1.3879,42.9369,73.0696,1,4,1
3343,53.0567,54.3682,11.4644,1.0,0.113,40.4593,159.6636,1,3,1
1970,31.1356,41.7883,67.4604,246.5251,31.0571,41.8487,69.9596,1,5,3
1960,72.1247,69.1641,63.7567,78.6818,0.0,41.2013,71.8062,2,3,0
3189,77.3353,56.4589,11.2827,92.8716,0.8818,70.9158,10.0,3,4,4
1803,17.792,54.242,89.6326,40.1489,0.0,34.1725,3.7255,1,0,0
3795,35.5401,40.9249,37.864,66.981,2.0103,30.8493,66.7555,1,0,0
1508,76.9092,52.7224,69.9809,78.5896,0.6761,93.9229,53.596,3,6,4
3743,78.9564,58.715,49.4222,64.8125,0.5345,87.7089,68.8117,3,9,4
3880,81.7402,91.3312,59.1736,32.7403,2.1193,69.9213,106.5865,3,11,2
1135,91.1382,55.0,38.5145,58.3864,0.0,59.0805,45.4,3,9,2
2360,32.7355,58.2665,75.9744,264.5162,10.0,51.4799,1.0,2,5,3
1521,89.1655,88.718,73.7109,132.147,0.3822,86.9048,45.7159,3,9,4
1527,14.8507,59.8251,20.8263,81.7871,0.602,40.0529,181.2574,2,6,1
1159,93.3815,78.1136,25.978,110.8788,1.006,83.8055,90.8781,3,9,4
2422,67.678,91.1716,64.2868,32.3832,1.3002,77.8288,59.6879,3,3,4
2551,52.3079,38.7829,90.9681,62.27,1.1994,36.2956,58.1996,1,0,0
2406,12.5364,52.2774,71.7444,99.5707,0.0,42.8572,67.8486,1,3,0
3659,16.9345,54.1259,12.4603,13.3464,1.4747,46.4965,155.5647,2,7,1
2881,47.4574,25.2475,77.5958,30.1409,0.9673,48.1656,1.0,1,0,0
1906,70.0,77.5049,59.2307,46.0709,0.0,59.3504,1.2446,3,14,2
3513,65.6503,57.8047,59.6652,58.3813,0.264,83.8376,55.0504,3,6,4
3943,22.5717,40.2909,18.5019,40.7737,0.393,34.7272,187.0318,1,7,1
1777,97.6122,83.6647,44.095,55.1511,1.9547,64.2568,71.3033,3,14,2
3715,100.0,80.2035,56.2136,65.2603,1.9335,57.527,96.5546,2,14,2
1724,94.5755,62.2099,88.884,73.3882,3.0203,48.0464,4.9918,3,11,2
1094,67.3097,42.5076,65.6331,59.2996,0.0317,49.2808,50.3754,2,2,0
2282,29.516,62.4796,86.7222,50.549,1.8819,26.9154,60.5393,1,1,0
3770,93.8747,72.3986,46.2929,32.8419,2.2782,68.09,115.4542,2,14,2
2257,32.3247,42.7993,19.9323,79.4221,0.9538,45.8594,215.2642,3,6,1
2192,65.8566,51.0646,82.7042,224.7509,10.0,48.3847,102.5177,2,8,3
1152,85.5137,96.1071,18.2784,108.9409,0.7089,57.3274,27.8938,2,7,2
3918,33.6641,23.4347,62.9068,164.3867,17.4142,35.1207,1.0,1,7,3
2898,37.3116,36.8524,52.323,55.2853,0.2653,45.2364,38.5813,1,2,0
1253,79.9321,70.3644,50.6629,126.3835,2.0546,83.2587,56.8203,3,6,4
3215,28.3861,54.3349,58.0865,191.244,19.1224,45.1041,106.9471,1,5,3
3479,97.3217,68.1131,67.9305,31.4656,0.9073,64.309,84.8852,3,8,2
3135,70.0,30.6458,13.0444,35.7584,0.0,53.2187,111.4398,1,7,1
2391,21.9448,38.985,6.6791,53.1453,2.0452,39.9238,116.9898,1,8,1
1879,34.4152,56.6135,36.6211,279.4361,26.8526,43.4568,148.8375,1,11,3
1025,17.1667,41.0336,83.9153,224.218,20.8022,47.2854,1.7766,2,10,3
3711,84.7788,74.9435,47.109,64.9307,2.4819,66.7535,35.1546,2,9,2
3268,88.4309,83.2918,73.9542,79.2263,0.3333,58.107,68.5593,3,7,2
2221,32.0584,39.9609,88.8126,67.3648,0.0318,32.7873,44.9124,1,2,0
2289,40.5922,44.9642,71.8386,237.5115,26.7516,37.5634,100.6618,2,11,3
1138,66.3489,44.0729,21.0234,72.2378,0.3189,83.0305,122.9815,3,6,4
2905,54.585,40.1637,28.0768,240.4166,26.6756,44.117,44.699,2,6,3
2190,21.5858,29.1204,22.4959,107.4173,0.2591,46.6042,114.5646,2,7,1
2020,35.771,63.7666,18.6741,52.2272,1.912,60.8799,60.0,1,6,1
3735,23.2153,45.9473,58.592,196.5604,20.1044,29.8752,96.815,2,10,3
1007,48.4579,33.4807,15.865,71.4137,0.1493,58.0673,144.8078,2,6,1
2837,15.8091,18.9152,18.2686,65.6659,1.9309,43.0303,103.1193,2,6,1
3132,75.9562,64.0933,96.0534,52.4962,1.8429,82.0235,98.505,3,8,4
3624,57.0739,47.2296,61.9284,188.621,10.0,44.5725,72.5673,1,8,3
1809,86.3703,78.7569,54.6874,95.5897,4.55,72.483,27.6816,3,7,2
1168,30.3973,58.1724,46.0263,239.1749,23.2674,43.8398,90.5357,1,4,3
3993,88.3318,83.3986,53.8527,66.9868,2.4385,59.3335,87.7629,3,8,2
1897,94.1648,78.5427,28.3024,44.3176,1.8476,86.6039,65.5426,3,8,4
1437,46.2084,63.0046,70.4256,69.8559,0.0,48.257,71.0908,1,1,0
2388,25.2943,13.4169,7.6628,49.3452,0.4857,33.2032,114.4657,2,4,1
2325,87.6459,35.0,27.2301,92.5069,0.0,74.4779,167.648,2,7,4
2353,24.5161,67.0943,100.0,68.0998,0.591,45.278,90.1459,1,0,0
2111,100.0,82.2664,39.2466,80.0462,0.8828,63.8959,81.0556,3,13,2
2745,72.9618,58.4818,68.0275,66.8062,0.7669,77.1095,18.0481,2,6,4
3747,20.784,74.0069,44.2176,37.8134,0.1117,38.9872,88.3259,1,2,0
3534,89.7859,84.6881,40.6767,80.3308,1.6326,48.0525,104.6266,3,9,2
2659,4.9958,66.6346,68.2144,84.4896,0.2085,25.8204,57.6938,2,3,0
2107,70.0,27.9946,11.3789,22.8258,0.0,49.5961,129.65,3,6,1
3126,56.716,83.2305,35.0387,74.1919,1.3136,82.9158,99.6879,3,4,4
1118,52.6046,41.677,30.3301,48.2541,1.2242,31.652,45.7388,1,3,0
1582,36.3463,34.1093,73.6996,176.2907,19.6079,39.6976,55.182,1,9,3
1863,65.0187,64.566,64.8201,78.7886,0.0,91.0779,117.3824,3,6,4
2955,54.8438,65.4514,67.2724,65.3775,1.3315,51.0822,56.6413,1,3,0
3464,58.1738,87.3773,46.0493,63.9357,0.0,70.6946,63.4025,3,9,4
2930,24.7539,59.9083,10.3498,53.2319,0.9483,39.9933,164.5418,3,7,1
2907,92.6867,43.931,20.7064,55.532,1.0935,76.5739,63.7963,3,8,4
2538,84.9508,86.5412,59.1914,70.6098,0.0,59.5902,8.8209,2,11,2
1135,100.0,86.9484,69.7971,79.8054,2.3791,81.9808,28.9224,3,9,4
3532,44.8142,70.3246,92.811,291.804,32.4198,42.1171,85.4034,2,5,3
1358,53.3123,47.0539,47.1931,236.5591,26.0863,29.8676,23.6856,2,11,3
2192,61.3665,27.0442,4.1408,40.8547,2.9182,35.763,92.39,3,4,1
1556,1.6196,34.3723,22.1452,50.0293,1.646,45.6778,148.316,3,8,1
3814,70.0,35.4515,7.2853,54.8405,0.0,52.8276,174.358,3,4,1
2517,35.8501,59.8919,53.79,251.57,15.8449,25.0,38.2346,2,11,3
3180,85.8634,82.4625,45.6996,102.4065,0.8928,63.6535,89.0395,3,9,2
3992,47.1198,31.7933,49.8871,191.2652,24.2968,40.2962,15.333,1,4,3
1383,43.6352,25.8529,84.6782,204.7324,20.4705,41.9648,81.72,1,8,3
1899,38.0337,37.4946,74.1891,27.8273,1.2764,39.2728,67.6177,2,0,0
1266,53.5028,30.2226,56.2217,123.2976,0.5227,53.0502,43.233,2,2,0
2072,92.3495,69.57,29.8193,90.3343,2.4385,60.4939,68.2702,3,11,2
2089,86.9614,78.97,71.2353,102.3156,0.4077,74.9444,38.5661,3,10,2
3283,20.8647,56.7727,95.0545,81.7984,0.1312,48.8724,64.6365,1,1,0
3887,83.915,75.2077,60.1121,60.8752,1.1851,56.3896,48.9556,2,11,2
3954,93.3505,72.9892,55.395,76.3851,0.8767,70.1735,57.6892,3,13,2
2302,83.5014,83.2063,37.5205,95.8607,0.1011,57.8609,31.451,2,9,2
1160,35.8729,31.9643,83.6174,55.7837,1.2968,38.4665,43.0145,2,2,0
2991,85.0582,93.7025,40.3371,71.4475,1.1737,68.1809,71.4202,3,13,2
1839,34.3981,54.2038,12.7475,60.4272,2.3874,53.5428,147.554,1,4,1
3467,13.7346,43.3642,62.7536,161.7158,13.6719,31.9399,46.0326,2,10,3
1644,42.8432,41.9603,17.6096,84.7211,2.1789,44.2896,128.4498,2,4,1
1091,42.4058,39.6833,1.5362,55.9745,1.1347,51.3206,197.17,1,8,1
2953,65.9847,28.8563,73.9852,65.2847,0.4093,38.4488,5.1002,1,0,0
2695,94.7493,84.0449,13.4657,116.0581,0.0,75.9178,83.38,2,5,4
2699,85.9533,76.0179,63.7948,126.7866,2.4397,75.9466,58.1046,3,10,2
2520,47.7451,12.6659,10.8486,50.6515,3.2802,45.7698,123.1156,3,6,1
1012,36.1369,64.5689,6.7921,103.6015,0.708,42.6545,85.2766,1,5,1
3687,0.9023,45.0831,6.8889,47.7832,1.0384,54.3864,153.9636,2,6,1
3845,9.1495,47.0951,45.917,227.4399,12.0228,38.1533,39.824,2,11,3
3911,86.5999,90.8099,30.9578,32.1519,0.7851,57.8744,1.0,2,7,2
2354,34.6986,68.5709,7.0368,40.7533,2.4327,41.3698,60.0,2,5,1
2257,96.8786,63.8028,42.4931,78.2061,1.3073,46.0845,86.7505,3,8,2
2972,54.688,60.1328,82.4227,185.709,17.8977,37.0022,50.8646,1,5,3
3689,92.1584,71.4737,54.227,60.3608,1.5492,57.5994,21.5226,3,12,2
1781,43.9305,43.2468,52.5699,57.1306,0.4754,44.9061,52.2097,1,0,0
3764,38.6936,55.4673,88.4879,30.3704,0.0,49.4148,29.4427,1,0,0
3086,28.0613,37.0143,7.0804,60.6945,0.0,55.3596,107.1462,3,4,1
1113,76.3592,68.902,61.0991,44.4572,0.0,74.0011,71.5336,3,8,4
1573,12.2766,32.2037,7.9058,70.2778,0.0,42.9512,120.6987,2,5,1
1819,78.496,69.4293,57.5185,87.0268,0.5708,85.6614,21.3059,3,4,4
2251,94.2949,83.6458,47.1263,52.2985,0.0,59.33,27.7236,3,10,2
3131,91.033,75.4588,32.2839,114.1641,1.3369,86.2517,113.696,3,4,4
2326,99.7115,75.9319,40.9252,51.9476,0.0,86.7298,21.114,3,8,4
2954,87.4802,89.2505,78.9734,55.004,1.6541,58.5038,89.375,3,12,2
2560,24.6475,43.5573,60.5924,32.6566,0.3278,44.6684,51.3861,1,2,0
1185,74.3485,66.2547,54.8426,77.9673,1.2018,81.2036,46.0199,2,8,4
1306,42.3555,57.6851,9.7789,45.1737,1.0138,46.3873,111.8538,1,5,1
2364,36.122,38.6145,41.9723,213.6024,20.2563,49.4305,28.7631,2,6,3
3201,84.5948,66.0356,62.736,65.528,2.0769,61.14,64.061,3,12,2
3785,46.5849,35.6675,42.038,64.9645,0.0,43.1058,10.3873,2,1,0
3706,86.8101,94.2076,98.8401,58.9638,2.2276,65.1238,79.2491,2,14,2
2189,58.0878,39.3029,47.4681,50.0772,0.5043,48.9581,26.7568,2,1,0
3243,46.5233,33.081,75.8971,60.3344,0.516,45.5817,88.2941,1,1,0
2131,85.1242,75.6268,100.0,55.5583,0.6539,57.0616,91.6736,3,11,2
3626,100.0,88.8498,49.5064,71.6365,0.8586,61.5188,56.1975,3,7,2
3256,43.566,55.525,84.0686,72.7455,1.8654,51.7239,70.0459,1,0,0
3843,76.6837,97.1268,51.2828,99.1784,0.0,61.2357,1.0,2,11,2
1364,17.7672,26.4778,76.3233,79.7598,0.0,25.0,60.848,1,2,0
3887,37.6824,49.0981,86.5671,74.5463,0.0,59.8727,96.8105,1,3,0
1084,70.0,42.689,79.7228,183.7634,21.1945,50.3914,102.3098,1,10,3
1839,76.1437,85.0645,51.3967,78.8777,1.2723,68.4401,30.8783,2,13,2
3937,44.7285,40.1719,13.6563,64.5074,0.273,34.484,213.2467,2,7,1
2006,44.152,47.5507,9.2964,127.3506,0.0,49.8512,97.4396,2,3,1
2262,21.8734,27.681,7.3516,1.0,0.0,43.7898,60.0,3,4,1
3605,50.3964,28.7256,20.8983,58.5869,1.2891,57.3875,170.2971,1,7,1
1444,46.4184,55.161,68.9433,52.3757,0.5603,57.4001,44.7871,1,0,0
2937,36.1993,45.2179,82.0684,80.2934,0.3943,39.8688,92.6008,1,3,0
3436,37.4439,38.875,81.6032,69.0752,0.7428,50.651,49.4073,2,2,0
3105,69.2235,92.8687,49.7557,79.6993,1.5419,84.6096,78.0805,3,4,4
3936,47.8628,49.9656,86.1415,48.2894,0.4548,37.9951,63.1977,1,1,0
1116,55.5983,77.621,43.339,69.1398,0.1293,80.1189,35.0891,2,6,4
2797,63.6145,63.923,10.1492,100.4333,1.0376,59.0845,79.8101,1,3,1
2148,90.7898,66.0963,58.1838,63.2322,2.8873,61.0978,21.5221,3,14,2
3340,93.194,75.8856,66.7535,55.9313,3.0646,72.9761,49.0294,3,9,2
2167,86.8469,72.4074,50.77,50.1406,2.0329,66.5617,89.1741,3,8,2
2581,60.8146,41.9638,57.3605,233.8788,14.6991,53.4065,22.7858,2,6,3
2704,34.2589,28.0199,57.1076,172.9784,15.093,51.9743,82.6696,1,5,3
2399,43.9825,41.4298,4.8682,51.1302,0.0,44.0737,145.4123,1,8,1
1984,24.7663,47.3718,99.8924,100.1057,1.3365,33.0006,36.6138,1,1,0
3971,100.0,78.1082,69.34,37.9955,0.0,83.5049,106.4725,3,11,2
1645,12.0972,39.4419,63.3072,237.5577,27.9062,35.7032,23.1788,2,9,3
1601,88.1388,76.7331,71.1909,56.5614,1.3226,50.4052,26.1933,3,11,2
2468,27.9645,36.1448,67.3943,229.4065,18.0675,37.4399,145.7181,1,4,3
3707,28.8462,41.1625,54.5479,130.3162,0.0,42.2401,20.1568,1,1,0
2719,33.9257,59.3837,59.5205,247.3833,15.113,28.6022,73.195,2,10,3
3350,88.4172,73.5882,70.6824,61.1709,0.0834,82.531,85.3505,2,9,4
3733,46.4623,10.0,80.4928,54.3386,1.9576,44.1836,68.924,2,3,0
1207,89.7779,35.6196,52.552,82.4854,0.0,83.2556,100.4161,2,6,4
1808,86.7105,39.1585,22.0163,55.8629,1.7665,84.683,131.2966,3,8,4
1004,40.1254,43.5698,10.6616,99.3314,1.3251,32.0886,148.4941,1,7,1
3402,87.3082,76.7282,24.0974,67.5914,1.218,86.0973,70.2033,3,5,4
1603,70.0,90.7675,29.0314,76.1203,3.6664,68.4328,34.0705,3,14,2
2267,83.7151,75.7491,46.9929,63.2355,0.6371,68.1046,134.6558,3,9,2
1997,56.5943,58.4132,69.5302,53.6984,0.7718,46.5193,90.5504,2,0,0
1923,35.7892,36.6115,12.9291,108.9047,0.0,51.9944,118.5988,1,4,1
2181,19.4776,28.7636,77.046,39.843,0.7475,39.1416,103.4368,1,1,0
2508,41.3819,50.0981,80.661,62.317,0.0,42.064,55.8614,1,2,0
3845,30.1782,70.9349,49.2787,54.1041,2.3184,50.5137,36.8161,1,0,0
1571,86.9854,69.148,20.7305,47.5385,1.2031,54.4574,86.9541,3,12,2
1441,44.7086,42.6947,100.0,1.0,0.0,42.8146,57.3482,2,2,0
1308,43.4824,47.5794,64.0354,22.5657,1.0918,38.062,30.5777,1,1,0
1918,40.1874,67.4756,71.6515,64.9909,1.1784,34.7571,62.8244,1,2,0
2344,89.1123,89.5817,32.0306,74.0813,0.3651,66.8097,68.6311,2,14,2
1879,98.6831,78.4123,44.8373,74.2044,0.8014,55.641,27.3488,3,10,2
2275,44.5311,31.5859,7.2154,58.6685,1.3184,60.3517,109.1381,1,3,1
1165,27.3782,43.2131,15.3183,80.8878,0.0,42.4156,174.1466,1,5,1
3625,53.9116,28.3334,73.7188,31.1581,1.2965,37.5426,59.7116,2,0,0
2079,100.0,64.6691,69.2032,125.3259,0.6381,86.4212,82.9713,3,7,4
1083,42.2923,50.3063,8.1466,75.5295,0.7514,48.8475,166.7233,3,8,1
1493,34.399,50.6186,58.1938,330.2634,10.0,44.6979,80.5934,1,5,3
3274,43.462,71.9673,88.671,272.0422,10.0,41.0765,43.2687,1,4,3
3764,34.3577,51.3745,73.3611,14.7447,0.0,55.1544,50.3101,2,1,0
2630,84.4681,41.0175,46.945,57.4942,1.0836,79.9857,176.1793,2,4,4
2223,71.3879,76.0117,44.8015,68.7267,0.7551,88.555,128.3685,3,4,4
2530,87.9548,57.1643,30.1487,86.1977,0.0,86.7073,86.0363,3,5,4
2412,80.0553,35.0,44.0847,76.9355,0.0,93.8385,83.8422,3,8,4
3346,83.3694,84.5478,25.2442,98.065,1.7945,45.0,100.2705,3,9,2
2281,48.251,40.2784,7.2469,51.878,0.0,48.2511,69.2645,1,4,1
1473,77.5762,80.7517,44.2119,89.1819,0.7609,84.5286,123.2604,3,8,4
3580,42.3557,31.603,70.3628,110.0241,0.8998,43.9132,88.9804,1,3,0
3141,99.5496,93.413,51.4573,104.9464,2.8428,66.2154,38.2475,3,11,2
1257,24.517,33.3253,30.9134,242.4255,29.4512,52.4546,56.1451,1,5,3
3724,48.8334,51.0279,96.4239,237.474,23.4509,40.515,134.2644,1,8,3
2882,68.2036,68.3877,45.8696,67.7822,1.1728,84.0013,31.4622,3,5,4
1995,54.4719,62.8527,52.5259,247.9182,17.8784,29.2278,47.395,2,5,3
1786,80.2587,64.4685,57.614,61.838,2.0821,89.1623,114.0422,3,6,4
3195,17.9379,49.1722,78.1796,26.2475,0.36,37.7879,52.1298,1,0,0
1491,77.5243,49.4889,69.5633,76.1661,0.5684,73.2289,45.5817,3,5,4
2756,40.677,42.1026,14.2811,42.2224,0.349,43.5248,202.1388,1,7,1
2907,30.5034,55.1517,51.8624,249.2517,18.4368,42.7296,83.0125,1,5,3
1278,86.2446,85.2268,56.1313,92.0845,0.9221,76.5036,74.02,3,9,4
1241,92.7123,50.0376,52.1727,79.3126,0.8795,80.9146,65.9069,3,6,4
2222,31.5314,31.7906,89.9737,166.2677,30.0857,33.361,33.0917,2,5,3
3786,41.6921,42.4345,12.4326,91.9709,0.6687,45.7335,162.6268,3,3,1
3255,43.8734,41.3416,73.0991,64.2368,0.0,29.6772,43.5843,1,3,0
3433,17.4789,15.4214,73.7647,284.5078,27.5742,41.4692,79.6259,1,4,3
3103,24.3918,62.8145,53.7019,72.127,0.0,29.1596,13.2709,1,0,0
1453,89.3394,67.8692,74.3698,66.2311,0.0882,82.1381,68.1847,3,8,4
1663,80.1703,99.542,61.2588,117.6287,1.5504,52.1855,89.6773,3,14,2
3348,24.9712,41.901,11.1346,53.9711,0.6152,55.6535,60.0,2,8,1
2365,46.9591,41.2114,0.0417,74.4387,1.7225,62.316,60.0,3,6,1
1388,99.8526,75.7253,67.4803,91.755,0.0,83.3773,62.3662,2,7,4
1846,43.6375,66.5667,68.8589,40.2503,0.0,42.683,86.9594,1,1,0
3976,35.1401,58.93,53.2934,175.8165,24.2717,44.8768,123.6383,1,7,3
3572,75.0194,66.2582,34.3175,84.9385,1.9252,72.9293,75.7165,2,9,4
3763,26.5645,28.0531,7.6628,111.1952,0.0,46.8075,190.7308,1,6,1
2772,100.0,49.1562,62.3709,60.0489,2.5063,82.7103,51.4955,2,5,4
3504,20.076,59.8614,4.1459,70.7622,0.7509,39.1829,104.8352,1,4,1
2128,88.7385,36.1601,48.8201,42.3258,0.6569,100.0,56.9638,3,7,4
1337,21.6159,65.2594,47.9209,102.4147,0.6463,42.3145,66.3827,2,1,0
1001,51.0912,32.0874,69.8357,97.0025,0.0,55.4128,59.1245,2,1,0
2657,32.4138,43.8064,94.6553,291.6736,14.2151,45.8573,68.5281,1,8,3
1248,26.7196,60.1453,7.4385,92.2643,1.158,43.0922,99.0682,1,8,1
3909,71.8175,78.2584,48.415,122.6954,1.1453,75.2964,24.3429,3,8,4
1708,2.6366,66.59,0.1898,57.0743,0.0,49.3307,108.0311,1,6,1
1319,41.9723,43.5233,64.0609,96.7484,0.7215,31.4113,40.8707,1,0,0
2240,97.3936,74.8675,52.4557,64.7775,0.0,65.6516,63.5095,3,12,2
3043,80.7305,77.9289,31.2843,58.8174,0.443,64.258,67.2826,3,14,2
1841,38.5407,55.8642,71.7988,10.5563,0.1285,40.5802,35.2958,2,0,0
1405,25.8229,59.7035,2.7655,52.1626,0.7839,53.6202,93.2004,1,3,1
3472,90.6482,74.7844,71.841,104.9999,1.1202,50.5493,85.5369,3,12,2
2066,42.0902,34.5988,5.6855,33.4062,0.0272,44.1425,109.852,2,8,1
2891,37.2702,49.1973,9.7887,51.8767,2.1607,51.649,216.805,2,6,1
3590,95.4574,88.9729,48.122,87.3116,0.7156,62.1705,70.3373,2,10,2
2043,82.5784,37.8572,60.2746,102.1068,2.8123,83.456,134.7608,2,5,4
2287,19.0439,14.6065,50.3866,265.3602,20.436,32.1199,8.869,1,6,3
3509,27.6425,67.849,61.4999,211.2597,27.2771,29.8512,17.3452,2,4,3
1557,72.0624,59.5511,33.4909,70.165,0.9344,86.7224,29.5559,3,8,4
3158,41.887,41.4781,75.3383,225.4468,33.1545,46.8699,53.5197,2,10,3
2952,37.6628,47.4558,7.4387,90.9019,3.5536,28.9847,136.7467,2,8,1
2553,79.2921,81.3498,70.0544,116.6868,1.4626,60.289,55.5046,3,8,2
2155,69.0383,50.8643,43.2748,94.6591,0.0,71.1919,104.7903,3,8,4
1540,37.6504,25.8024,90.6845,49.2385,0.0,34.6583,77.8264,2,3,0
1183,46.0076,72.8312,44.4726,269.0037,14.4004,49.567,49.0976,1,4,3
1121,84.2915,72.9579,50.1646,55.2807,0.213,56.7366,68.5938,3,12,2
1319,88.9537,73.7032,71.2823,42.7339,0.0,68.0,20.8895,2,4,4
2145,83.9265,67.059,66.6839,51.7406,0.0,73.1084,84.8652,2,10,2
1485,95.3599,77.2202,67.6791,71.8801,1.1739,71.2583,79.0762,2,7,2
2774,44.0019,62.4763,86.3902,191.992,10.0,35.9309,66.5488,1,9,3
1264,94.3505,63.7862,52.0893,62.6773,0.1456,64.2291,43.0314,3,7,2
3351,27.6662,33.8671,74.4309,17.2693,1.9021,39.7347,18.6675,2,1,0
1580,20.8475,37.6072,52.9671,316.4601,26.1853,25.2334,74.6103,1,10,3
2301,43.7724,37.04,9.2754,94.3391,2.4419,38.0865,136.9061,1,6,1
1324,86.1231,55.077,66.4424,43.1397,0.0,63.482,98.3583,2,12,2
2951,52.6988,51.7765,61.1349,78.2873,0.1851,45.3626,120.0,2,3,0
2604,47.9197,50.1498,78.1816,180.9417,10.8491,47.2657,5.8335,2,11,3
1808,84.6593,76.5492,50.9256,46.7792,0.0,83.4773,86.2223,3,8,4
1690,39.8702,32.7473,22.956,82.125,0.6231,43.9813,146.6096,2,7,1
1097,45.6976,44.6704,70.1698,161.1188,11.4393,36.8413,63.2788,1,7,3
3179,69.3358,51.0985,86.8523,171.214,29.7292,45.8121,15.3297,1,7,3
3208,10.1378,59.605,45.9343,47.315,0.0,40.1484,63.0884,1,2,0
3419,90.0582,84.3314,48.6845,83.6666,1.0497,59.3083,41.4054,3,13,2
1492,53.7385,41.9688,65.7173,28.3865,0.0,42.3296,58.0262,1,3,0
3613,84.3587,61.4374,65.0628,26.7524,1.7641,74.5437,66.506,2,7,4
2410,25.6394,44.2416,1.9631,52.7897,1.8588,55.0717,83.2571,1,3,1
2041,68.1527,43.2358,85.8173,1.0,1.673,41.498,56.9303,2,0,0
3091,62.2218,24.5289,62.4778,91.1803,0.0,31.7452,25.8755,1,2,0
3238,22.6548,57.8203,73.4316,79.7585,1.7362,58.4364,52.3765,1,2,0
1150,77.3219,57.918,39.5004,72.2848,0.0,85.1538,26.7587,3,3,4
2562,53.7474,45.6766,72.3242,199.28,27.8482,30.578,16.4499,2,4,3
1776,21.6418,51.0299,41.3336,197.6038,36.1779,50.0001,32.9302,2,10,3
2948,57.7908,57.9688,11.4396,98.7796,1.1038,55.9719,134.8284,1,5,1
2153,52.4428,39.3774,74.9289,70.9414,0.0,55.369,64.0909,1,0,0
3669,44.0598,46.2452,56.8857,222.8712,22.5563,40.8601,47.835,2,8,3
2309,83.9328,79.8305,29.5519,50.7896,2.0942,55.2516,44.3215,2,14,2
2433,32.005,34.0124,15.7358,40.7762,1.4294,52.5253,78.1397,1,6,1
2395,83.4942,74.7386,27.2449,89.9733,0.5854,61.3929,73.7236,3,12,2
3706,75.0309,62.6173,60.3459,78.1429,1.1997,83.6317,62.2527,2,8,4
3369,32.8989,52.4853,9.3175,54.4936,0.4397,41.9825,172.0365,2,5,1
1511,35.2564,51.7215,58.8074,59.9859,0.2163,50.4826,94.0425,1,0,0
2147,59.2174,69.046,64.557,54.7909,0.0,84.5922,162.1996,3,8,4
2503,93.3057,78.9988,53.0571,1.0,0.6544,61.0358,74.2948,3,9,2
3048,38.253,37.3147,51.1092,236.9049,25.0897,38.6312,37.4803,2,4,3
2064,42.9669,29.6843,79.9819,60.3475,0.0718,42.5243,46.6088,1,0,0
2714,45.9168,24.8341,6.031,75.505,0.6094,55.7062,83.8569,1,7,1
3411,57.5317,15.8803,1.921,66.9731,0.8074,36.0882,171.9628,1,7,1
2980,53.0831,59.5485,5.1806,87.5362,1.0527,47.6884,140.4944,1,7,1
1787,37.5484,45.5837,50.8527,115.3538,1.3306,38.6539,48.5028,2,1,0
2020,46.8163,27.4204,76.9492,63.9612,0.0,52.4361,87.0735,2,0,0
2036,31.1394,68.4216,58.0652,47.6633,0.0,54.079,114.3034,2,0,0
1288,79.977,82.187,24.6616,34.7529,0.195,84.4898,95.1001,2,8,4
1901,83.7652,49.8344,38.726,69.1896,3.0857,72.9929,47.8317,3,9,4
2251,20.1595,10.1947,48.3657,21.2245,0.4023,52.6278,29.0224,1,1,0
1899,81.2118,74.8451,62.3441,11.7047,0.9041,56.639,74.733,2,9,2
2861,82.7781,85.9632,76.7254,79.8418,0.0113,77.6436,35.8947,3,7,4
2904,81.9391,80.9212,73.1654,1.0,0.9233,59.2832,79.3051,3,13,2
2608,54.4393,57.4594,3.2418,87.6615,0.0,33.3785,146.7728,2,7,1
2638,53.5381,64.8739,97.8003,246.9039,29.0049,34.0245,20.1018,1,4,3
2563,80.128,59.8205,55.7736,90.1518,0.8651,89.2346,10.0,2,5,4
1670,75.8089,63.2394,64.0482,59.5741,0.9498,78.0024,79.7046,3,8,4
1585,87.2828,80.9686,32.5501,81.3268,0.0,83.3646,24.7093,3,7,4
3281,91.934,69.6975,50.7617,113.4337,1.7583,73.6103,127.2103,3,10,2
3461,71.9348,85.2906,96.55,52.9954,1.9791,62.8469,44.5135,3,14,2
2966,25.9957,60.7376,68.2335,75.4776,1.4742,41.4343,65.6708,1,1,0
3754,47.9481,41.9811,68.6558,212.9941,16.4025,35.2747,46.2214,1,5,3
1071,13.3756,29.1258,65.3548,74.7176,0.2327,53.1687,59.5487,2,3,0
2321,89.8046,75.3852,58.2227,83.4726,0.0,55.6235,110.7137,3,8,2
2974,82.5339,78.1679,78.7738,63.1159,0.3442,61.1206,3.3174,3,10,2
2916,55.4135,31.9856,21.7862,41.1866,0.1707,49.2428,189.2916,3,7,1
1330,42.1051,56.9319,1.714,28.4756,0.7758,46.3826,149.6802,2,7,1
3919,75.0,45.4638,84.3664,74.1288,1.5825,34.6834,75.6272,1,0,0
1764,83.5913,61.8997,59.8413,26.8814,1.7973,54.8226,45.5911,2,8,2
2615,17.242,55.9157,6.8709,81.6761,1.2182,45.2664,140.9343,2,5,1
3562,87.7439,63.4235,62.5762,63.8233,0.436,66.7322,40.4477,2,11,2
3793,40.0624,14.0921,9.8917,78.31,0.3864,44.7701,133.2391,3,7,1
3389,94.2879,74.8885,68.5871,92.9705,0.0,65.1102,83.3254,3,8,2
1525,59.6373,81.9683,59.2306,92.3262,1.1278,84.9844,79.4895,3,7,4
1531,47.5031,75.0,45.4225,246.6668,13.7556,50.0414,46.5663,2,11,3
1623,74.5994,68.1716,71.1545,113.7574,0.8804,83.6942,95.2755,3,3,4
1035,23.2392,35.3345,89.8708,71.9403,0.0,45.9316,55.4429,1,3,0
2900,82.125,70.0981,27.8559,136.9791,0.0,78.7498,90.1052,3,3,4
2424,10.264,26.4638,13.0707,91.871,1.0592,43.8044,203.5315,1,7,1
1216,89.9191,61.1843,55.5694,72.4851,1.8382,58.1061,132.224,3,9,2
2724,70.4632,53.086,46.958,41.5164,0.7141,74.135,136.1012,3,3,4
3755,89.9463,80.7865,78.973,49.2714,2.8702,65.1925,79.5332,3,7,2
2989,79.2495,68.9642,85.8757,49.418,0.0,71.9257,21.1946,2,7,2
2079,40.4595,48.7933,48.481,76.4699,0.0176,47.6332,34.1944,1,2,0
2923,40.9905,23.644,69.2106,66.8451,0.0,38.6308,32.6168,2,3,0
3148,75.6587,54.086,38.6237,66.8202,2.7689,81.5388,120.2783,3,5,4
3694,31.084,51.1474,83.4278,62.1498,1.0408,50.5145,9.302,1,1,0
1750,86.3592,72.9586,61.6371,98.6895,0.7219,72.3231,41.3894,3,12,2
1517,85.4215,70.1594,51.3775,48.6587,1.8163,49.2954,14.0825,3,11,2
3273,66.1091,74.8501,60.9069,54.3802,2.1482,71.6912,113.3071,3,9,4
2014,33.9422,40.9533,93.8523,215.5134,37.3794,64.1186,63.032,2,5,3
2845,42.5824,51.1646,5.6009,65.9958,1.1771,43.2985,62.6214,2,4,1
3280,79.5248,69.6247,19.2065,52.6045,0.5058,64.437,39.7991,3,7,2
2272,86.273,90.7464,50.3684,42.8937,0.0,66.1481,38.5714,3,13,2
1524,46.9762,57.6033,69.5407,66.5355,0.9351,33.707,50.895,1,0,0
1919,52.189,31.102,69.7789,55.4176,2.3648,37.4309,1.0,1,1,0
1866,88.4683,59.3713,69.742,90.6267,1.0556,82.5732,90.9226,3,3,4
3648,60.519,61.7369,34.5989,61.3395,0.0,84.1192,87.9807,3,7,4
2684,45.4342,30.8505,44.9338,237.9286,10.0,44.8918,45.5468,1,7,3
2970,81.0632,61.3135,18.6523,86.2236,1.0697,90.726,52.8984,3,5,4
2300,53.4672,50.2805,81.0944,115.8597,0.0,42.1006,28.8087,1,1,0
2322,85.4246,67.8623,85.084,84.0444,2.9977,85.1479,112.0976,3,9,4
3738,26.5046,30.0322,97.5914,99.8228,0.0328,41.4207,27.6142,2,3,0
2453,88.5034,72.5313,52.3942,56.8442,0.3877,76.4844,78.5582,3,5,4
3812,65.2671,66.8591,12.8739,118.5687,1.4666,39.8965,63.9677,1,6,1
1638,56.7696,56.0936,69.3983,250.023,20.5682,48.4734,38.8824,1,9,3
3569,87.9788,70.0747,34.5627,68.0837,2.8029,53.7009,40.3006,2,12,2
1457,82.2126,68.1402,67.9686,96.431,2.9191,60.3735,66.8053,3,10,2
3939,68.0998,71.3508,64.2764,92.6875,1.2971,80.5496,53.6989,3,4,4
1598,41.7838,50.6901,4.9193,142.9176,0.0,50.3234,133.0005,1,3,1
1660,51.8992,43.9458,6.3053,41.0754,1.4008,31.4711,117.6698,2,7,1
2196,70.8655,51.8461,57.9247,45.6977,0.0079,80.3128,65.8733,2,6,4
1486,27.0498,44.9712,84.1368,76.9371,1.1001,33.8433,31.1316,1,0,0
1134,37.5667,64.5752,15.6095,46.7383,0.0,43.7014,137.006,2,7,1
2590,100.0,80.6145,70.8746,62.4792,0.7138,58.0211,101.5031,2,12,2
2477,88.8248,61.7473,64.4544,78.2498,0.5089,47.5225,24.1942,3,7,2
2314,19.3766,54.9986,77.3598,32.6776,0.8599,39.3006,61.8443,1,2,0
2742,66.0934,79.9058,77.9004,38.6722,1.7017,80.3417,155.6231,3,5,4
2834,59.6413,40.9223,76.6671,70.7414,1.0263,80.5372,135.5105,3,5,4
1778,84.8971,56.3037,59.967,72.0823,1.2881,86.5634,114.4974,3,7,4
3016,31.6207,75.0,53.8664,270.029,37.0789,40.3799,10.0747,1,5,3
3132,14.0883,30.6391,3.7657,27.9457,0.0,50.5283,165.3623,2,4,1
1377,91.1763,39.0411,75.9578,76.0607,1.3375,80.5529,128.4327,3,8,4
1318,51.9847,32.3422,0.0,55.1033,1.8586,44.0648,136.5693,3,7,1
1630,89.7989,62.96,53.7693,84.3451,0.0,83.9671,70.4712,2,6,4
2754,37.5551,57.8244,7.3722,62.297,0.1561,37.4089,60.0,1,7,1
3511,60.5513,77.8415,29.9451,80.2483,0.5526,68.0,89.0317,3,9,4
3189,39.6769,75.0,33.7626,228.7175,22.2569,50.562,96.4411,2,10,3
1890,56.1436,47.2476,77.8271,68.2999,0.4512,43.8906,75.9745,1,0,0
1074,16.1565,38.1529,70.4601,63.4551,0.0,31.4798,30.4378,1,0,0
1768,23.9346,50.5889,69.1767,250.9805,10.0,43.9044,42.2099,2,5,3
2680,88.2338,75.0306,52.7682,59.0252,0.0,69.4424,83.2592,3,3,4
3791,59.6433,22.0393,69.7046,65.8608,0.0,44.5991,42.3308,2,1,0
2417,50.7388,39.8549,72.874,173.7407,13.6952,46.7664,56.757,1,9,3
3943,16.4452,59.4588,61.2579,196.9379,15.2221,53.5403,42.9181,2,11,3
2376,29.7459,41.8654,92.3014,270.044,22.7975,46.9152,61.5356,1,7,3
2873,86.8122,82.8605,79.6386,65.5928,2.0981,64.7743,71.8287,2,7,2
3821,27.8826,45.5124,9.3363,18.1956,0.1884,44.2538,177.634,2,6,1
2006,70.6846,35.0,61.8926,20.7122,0.6804,69.3917,121.0389,2,5,4
3184,31.5848,64.29,22.8191,39.0687,0.0,42.4419,153.8063,3,4,1
1089,83.9965,83.0898,52.5318,116.8365,2.3935,85.6207,109.7038,3,7,4
1333,88.5768,71.9173,70.793,105.6744,0.9893,66.2554,18.4079,3,12,2
3282,7.0792,44.5031,4.4673,54.3961,0.9273,57.8533,154.5472,3,7,1
1681,36.8869,64.1217,87.8097,241.3675,20.6987,42.0128,8.7001,1,10,3
2876,88.5904,85.3196,46.8762,24.5277,0.0,61.235,128.258,3,13,2
2177,38.0258,42.4995,73.6449,150.0,23.6844,49.3984,34.0392,1,6,3
2763,27.4727,51.0236,45.2979,217.1164,22.5171,38.923,86.7267,1,4,3
1942,55.0,83.0606,56.044,81.7792,0.3663,75.227,121.6149,3,9,4
1454,7.6502,44.4063,6.9214,59.3288,1.7451,58.0158,169.4102,3,7,1
2115,43.715,14.9768,79.5987,8.631,0.5196,40.7677,58.5537,1,2,0
3724,25.6743,73.9096,47.1153,230.4377,15.5846,44.9341,60.0097,1,10,3
3858,100.0,80.256,46.5636,65.9168,0.1684,66.4094,80.8342,3,8,2
2117,91.719,83.7471,42.4415,110.67,3.5256,54.1278,43.6308,3,12,2
1329,78.0433,77.0308,53.8092,83.6884,0.4005,47.8219,27.4415,3,10,2
2860,98.719,72.8611,30.6236,91.4415,0.0,54.3098,28.7462,3,12,2
1595,75.8444,35.0,36.9845,53.6752,2.4239,84.364,138.0667,2,5,4
1581,95.5302,72.5676,79.7634,40.1732,0.0,79.0389,101.7176,3,5,4
2413,93.7149,81.7022,46.6585,80.4038,0.0,59.5787,33.9684,3,7,2
2939,81.0895,64.5116,37.8517,119.6352,0.9571,62.1865,127.8317,2,12,2
2122,84.2183,83.4845,38.1451,81.845,1.1989,74.1883,117.1236,3,9,4
3730,74.493,68.951,48.2063,86.5595,0.7713,95.4734,33.0289,2,5,4
1109,25.9005,68.2448,81.9042,287.3569,17.9868,44.1853,67.1065,2,6,3
1896,88.3425,63.0901,68.1717,46.0922,0.2093,83.8446,33.9273,3,4,4
3300,100.0,68.1308,48.1107,70.994,0.0,59.3914,74.3189,3,8,2
2584,83.2943,82.8778,72.2079,72.2497,0.2436,70.6089,1.0,3,8,2
1094,30.925,44.9791,88.2677,33.9014,0.414,46.2096,54.8499,2,2,0
3350,74.3611,88.3239,41.7005,116.766,0.5403,51.9061,88.9827,3,12,2
3754,37.56,66.4123,30.0,84.9139,0.3288,47.9303,45.8586,2,1,0
1080,45.7069,41.9872,41.0172,275.3727,11.3113,56.2554,1.0,1,10,3
3413,14.0902,54.7123,66.7871,70.8865,0.2543,35.4962,41.6524,2,3,0
3347,37.5808,14.0004,80.8358,290.0718,11.7715,48.6991,90.819,1,8,3
3873,27.6792,54.5536,84.93,54.0967,1.8459,47.4129,67.7096,1,3,0
3127,35.6174,10.0,76.9255,44.2664,1.5295,38.7509,42.1369,2,2,0
2600,65.9305,58.629,70.4216,88.9737,1.5293,30.7587,9.3858,2,1,0
1572,80.9469,55.3169,60.4503,85.9902,2.1056,82.5522,73.6285,3,8,4
2797,37.6386,49.3779,46.1566,255.5912,15.2878,43.588,25.6399,2,11,3
3060,81.2024,84.9759,100.0,103.3631,2.2088,69.8086,34.0074,3,9,2
2745,36.1247,25.2956,6.937,34.6187,0.1277,28.1136,77.1791,3,4,1
3358,88.2896,81.2061,54.7707,62.5602,2.2926,58.3744,113.5952,3,8,2
2374,88.6437,66.8821,57.1269,126.1544,1.4868,84.8694,28.6631,2,7,4
2406,91.199,81.8007,50.6418,62.8849,1.0873,65.9529,91.2882,3,8,2
1681,42.1656,39.4958,92.5135,218.9644,23.0403,43.7939,3.9355,2,7,3
1068,26.0645,41.1196,8.4567,44.8044,0.0,52.7296,240.0,2,4,1
1215,24.6177,63.1968,6.766,42.2084,0.0,39.9732,103.5569,3,4,1
2654,60.6104,56.292,11.1617,69.2657,0.6565,48.9048,115.2168,3,4,1
2544,92.4277,71.8489,43.0722,59.3567,0.1537,64.0845,99.024,3,7,2
1655,86.9678,89.5159,70.6012,76.4261,0.0,55.8912,88.6962,3,7,2
3112,96.0947,91.0996,71.7902,47.2019,0.9574,84.7072,127.3424,3,4,4
2804,27.4995,66.8108,55.498,40.3805,1.0063,30.6989,81.9053,1,3,0
2995,89.6232,58.0477,74.7859,52.4756,0.8397,57.6119,109.3992,2,11,2
1287,100.0,75.1614,33.9463,57.3683,2.4799,65.1878,96.9053,3,10,2
3160,54.7411,57.8253,64.3934,29.9326,1.1717,39.8922,11.8443,1,0,0
3942,33.5007,10.0,62.2987,303.7293,31.437,32.8175,56.588,2,10,3
3009,34.8442,36.6176,60.967,275.0396,14.1164,40.9932,88.5501,2,10,3
1775,37.4141,42.6255,0.0,52.467,1.3906,60.0785,100.5921,1,4,1
2210,85.4992,60.1257,37.5058,78.5572,1.6356,89.1402,106.7043,3,7,4
1891,70.0,43.3492,64.8898,276.7809,18.671,42.7565,55.7791,1,8,3
1108,24.0638,72.5608,53.2902,35.1576,1.0314,49.2733,40.4398,2,1,0
2588,73.7994,67.1731,57.266,91.3108,0.0,81.7852,74.0408,2,3,4
3788,42.2395,56.3373,8.2277,43.2571,0.93,34.8338,199.6107,3,8,1
3846,88.8865,55.8082,59.5689,103.2941,1.8814,68.6452,138.7501,3,5,4
3095,34.3276,61.6945,72.8022,46.1357,0.9425,33.8719,48.4858,2,2,0
2787,35.5514,62.3626,75.1544,53.5198,0.554,48.9052,42.6767,1,2,0
1071,40.8805,41.2016,17.577,32.4726,0.1689,55.045,135.2478,2,8,1
1212,78.8671,60.718,41.6865,76.0211,0.0,72.5577,55.4659,2,5,4
2455,16.8168,66.7157,2.973,39.1755,1.5685,46.4313,60.0,3,8,1
3196,80.6541,70.0826,29.9542,70.6932,1.5333,50.5624,28.3553,3,12,2
2032,36.0042,23.3655,61.1308,103.059,0.0,33.2625,71.4234,2,0,0
3676,93.1406,89.9469,81.1049,58.6824,0.8175,67.0892,128.4215,3,9,2
3259,55.0,72.9629,17.3759,51.4253,0.0,82.0216,79.1548,3,7,4
3975,26.5791,43.1597,99.9348,69.8003,0.0,50.4684,44.863,1,0,0
1760,77.2979,80.436,50.869,83.8473,0.0862,60.1226,71.5987,2,9,2
2443,91.9796,47.3812,48.5342,78.2246,0.3102,98.7786,86.0989,2,4,4
2095,87.0316,86.7394,60.9239,55.231,3.5595,84.9437,71.6279,2,14,2
1922,44.2874,25.4602,94.1042,72.2167,1.5979,45.0402,1.0,2,3,0
1973,94.5937,66.5998,71.2952,58.8964,0.6737,88.6626,86.1352,2,4,4
1071,5.6307,48.1741,68.0865,57.6259,0.0,39.2146,53.4554,1,0,0
3880,70.0,48.7376,16.7281,95.8461,1.2594,55.7001,88.4683,2,4,1
1258,84.6102,65.2885,56.1398,45.5357,1.3845,66.2791,68.6629,3,13,2
1668,45.176,74.977,20.6122,1.0021,0.78,39.6882,145.9102,1,7,1
3310,89.5677,42.1178,65.5481,60.6548,0.1157,80.545,82.1327,2,3,4
1228,20.9218,40.4748,10.5435,74.5234,1.9917,46.4752,160.5714,2,6,1
3283,43.3462,48.6563,49.49,90.8812,0.7445,38.0085,83.2303,2,1,0
1026,22.4143,50.4216,56.8881,322.3261,12.4693,39.9144,19.8238,2,5,3
1127,61.2463,63.398,9.5823,37.1599,0.0,29.3181,161.0731,3,3,1
2503,75.7662,83.2497,38.5034,81.7788,0.5629,58.9107,64.1567,3,11,2
1366,78.3478,77.4817,69.5486,72.0636,2.8228,69.0167,65.0699,2,8,4
1624,49.94,60.4529,85.3928,78.7364,1.4354,46.5476,1.0,1,0,0
1260,61.2753,68.5342,59.7864,214.8439,23.6529,65.0,29.7008,2,10,3
2604,88.2012,76.2697,83.5565,60.9637,0.6636,85.5464,77.9127,2,5,4
2538,28.8904,51.5822,3.0591,52.9192,0.0,51.4134,167.3332,2,8,1
2691,83.7221,56.0973,87.5208,64.6935,0.2425,88.764,73.0652,3,8,4
2381,97.1987,54.4759,56.0797,74.9953,3.561,78.2542,86.5847,2,3,4
3603,85.131,60.7637,57.252,66.2428,0.0,81.0802,139.6797,3,7,4
2162,43.0453,50.1998,84.8873,217.7156,31.5249,52.2111,70.4037,1,8,3
1963,38.9966,43.6928,86.8086,176.0963,24.4435,50.4985,47.3293,2,10,3
1837,41.7113,46.0886,7.8978,53.4355,2.852,40.4029,179.3347,3,7,1
1217,32.0882,25.4644,74.3457,209.8382,25.7284,38.7501,94.4426,2,9,3
3871,100.0,84.3912,67.3267,34.6325,1.6575,51.9695,29.7569,2,11,2
3592,67.5537,57.7693,94.7466,72.4481,0.0891,31.2011,120.0,2,3,0
2167,55.1327,32.5295,17.3537,103.6782,2.0363,50.609,91.5839,1,6,1
1539,43.641,44.3888,0.8375,49.7913,0.7271,51.1204,120.0514,3,7,1
2081,66.2665,43.5952,97.5401,58.9736,1.3848,97.5013,10.0,3,4,4
2356,8.5537,48.0475,2.9438,39.6993,2.2425,34.8503,187.4897,2,5,1
1091,48.8636,10.0,59.9514,83.4142,0.1241,43.4207,1.0,2,1,0
1808,57.8671,43.4487,66.1398,6.0998,0.0,35.8695,10.9453,1,2,0
3188,89.7342,80.677,32.7503,2.5527,2.5148,68.9302,72.4637,3,12,2
3489,64.2819,49.4939,55.7119,265.4286,32.5584,39.8363,77.6597,1,10,3
1509,36.4837,35.3437,8.245,78.486,0.6096,44.9968,101.0807,2,4,1
2918,87.4953,68.4901,63.2768,83.2436,0.1182,73.0355,88.4199,3,8,2
2880,48.82,35.6174,12.4469,85.2446,1.2049,61.5034,128.1646,3,5,1
1741,81.429,65.9069,48.8853,12.5309,0.9938,71.4939,19.3953,3,9,4
1924,70.6453,69.9757,62.6244,105.3175,1.6317,83.029,46.5772,2,4,4
1452,42.0179,40.6432,74.3532,255.6565,27.0067,38.3837,39.3483,2,9,3
3083,88.5062,80.7175,59.5189,67.2125,0.0,64.0466,47.4743,3,11,2
1444,54.5964,45.7478,55.0525,269.1207,18.3235,34.5103,51.1416,2,10,3
2121,23.9599,54.6215,19.6776,83.9409,1.2439,43.7603,118.8729,3,4,1
2469,17.8471,32.1119,72.8019,44.487,0.0,39.3686,45.5199,1,1,0
1544,30.9873,37.5626,10.2641,50.6858,0.4452,54.6222,86.1174,1,4,1
1527,83.3802,68.1924,57.3608,71.9897,0.092,64.8128,26.949,2,11,2
3130,75.4551,77.1447,65.8397,17.5905,1.7436,72.6479,69.9637,3,11,2
2643,72.1072,37.8247,62.718,26.6759,0.2467,75.2497,10.0,3,7,4
1374,74.9621,82.5019,57.0092,104.5096,2.5933,56.2885,69.9543,2,8,2
2329,81.1595,66.1349,69.5878,55.6887,3.489,76.9279,59.6687,3,4,4
2567,77.3152,68.5968,56.857,63.5596,3.6114,77.4416,23.3757,3,8,4
3834,24.872,39.2363,76.7073,42.7058,0.838,50.3916,109.8329,1,3,0
1341,57.7822,54.0742,66.0951,177.0729,10.0,58.3323,131.8336,2,5,3
2445,80.6786,72.5444,15.0,77.6429,1.4441,65.7751,44.8461,3,8,2
3298,31.6701,46.2597,78.8956,69.4922,0.0,54.8953,99.282,1,0,0
3115,85.4107,78.9739,57.1602,118.7491,0.0,69.1385,89.6559,3,9,2
1231,20.3769,34.727,66.7495,182.1713,23.248,44.0372,91.1484,1,7,3
3693,17.1614,10.0,77.441,177.0122,10.0,31.8171,79.9439,1,11,3
3046,52.2065,27.5636,66.518,33.1107,0.5911,35.5543,37.7681,1,0,0
2517,56.6916,44.8774,15.0829,99.3618,0.0,25.0,107.4251,3,6,1
2586,26.8277,40.2134,71.8681,89.7196,1.1617,50.1671,47.0341,1,2,0
1427,52.1899,53.5247,7.4397,80.0734,2.9502,46.6539,181.3505,2,6,1
1188,25.0138,49.3104,32.5208,203.1069,36.4496,53.3491,50.5227,1,11,3
2074,30.413,10.0,58.5501,213.5932,34.5067,45.8419,17.8638,1,4,3
3822,78.0691,59.5959,57.9101,70.0789,1.2528,66.2947,88.6367,2,13,2
3068,22.0193,46.6153,12.4137,35.9383,1.4281,28.0336,122.8133,3,7,1
2849,83.7656,70.8573,63.302,25.7953,0.8473,85.2835,83.1587,3,5,4
2090,11.0038,43.2688,82.992,255.041,18.817,30.2574,116.769,2,5,3
1014,62.4241,47.6609,71.4219,86.0936,0.0163,38.2039,107.463,2,1,0
2968,70.9148,87.9137,22.6926,60.1037,0.0,83.2667,125.2607,3,7,4
1749,19.1774,39.2827,20.7513,54.1542,0.0,34.4549,192.8079,3,3,1
2929,42.1489,37.3508,79.4015,331.7075,22.225,33.372,117.0764,2,4,3
3997,45.0144,39.5511,60.3359,35.0494,0.4781,42.907,10.162,1,2,0
3021,64.8307,57.3217,44.2523,26.8451,0.0,78.871,46.998,3,8,4
2915,35.6892,10.0,83.1825,48.0479,0.4661,30.3779,16.2433,1,2,0
2034,62.1484,62.8548,67.1175,102.7468,0.6746,85.2686,105.3996,3,3,4
1643,83.9502,61.069,47.7441,48.2846,0.986,61.1024,53.4231,3,10,2
3263,40.5467,39.2005,83.8835,213.6663,29.6286,43.8815,80.5524,1,10,3
1901,80.1531,100.0,29.4847,56.4369,0.0065,58.3828,122.815,3,9,2
2130,87.7276,88.8275,76.8891,39.9617,0.0112,70.7818,31.1576,3,10,2
3367,42.196,43.6366,24.1279,44.4076,2.2717,50.4178,78.8636,1,4,1
1583,65.891,84.6903,49.7769,46.8786,0.3333,83.6084,85.597,2,4,4
3796,19.8345,35.2746,8.7704,64.5678,2.0689,47.8928,68.8079,1,6,1
3327,38.6636,52.1568,0.9352,61.1438,0.0,46.3493,131.6689,3,8,1
3152,42.6149,67.2906,20.441,65.1126,0.3792,34.9136,210.7244,3,8,1
1479,20.2152,23.2614,22.4095,93.8146,1.5591,44.2378,102.6863,2,4,1
1329,26.678,13.3807,74.8863,32.5085,0.5073,64.5156,23.3783,2,1,0
2216,37.1304,10.0,80.9033,65.8892,0.5129,35.2374,54.1062,1,1,0
1452,39.3711,62.4752,33.555,254.1541,22.5529,55.6846,78.4715,1,9,3
2252,89.5181,82.9881,42.7107,69.6388,0.0,93.4813,192.7657,3,7,4
3955,81.3715,72.3093,85.1297,68.6446,1.4739,79.5507,40.7494,3,5,4
2400,100.0,71.1913,31.1126,37.1034,0.0,88.7017,66.7041,3,7,4
1324,64.3908,58.1714,39.0509,104.5591,0.2493,76.3966,39.2371,3,4,4
1988,82.4403,54.9869,24.9227,82.5461,0.6359,73.1709,60.3714,3,8,4
1245,27.6823,50.5433,81.1316,178.4618,26.9338,32.2475,17.6009,1,10,3
1650,40.7427,46.1734,14.7953,72.5245,0.2843,53.4197,89.1868,2,8,1
2743,10.717,48.6453,15.5043,90.3916,0.6394,42.1942,112.0657,1,3,1
1913,71.8713,50.8471,36.3601,93.2987,0.2457,79.881,60.7731,3,8,4
2244,36.8156,39.4292,0.4295,71.1381,1.0933,46.8759,155.4202,2,3,1
1074,47.9073,33.2531,75.2661,195.083,10.0,34.1045,86.2745,1,11,3
1998,30.3364,42.2817,4.6728,51.4454,2.0797,53.0665,76.8324,1,4,1
1954,83.6652,67.4655,50.4072,94.8229,3.6913,57.714,24.3648,2,9,2
2862,90.0566,72.5937,55.3221,10.802,0.0,65.2176,60.5568,3,14,2
3849,47.9339,74.3615,72.8435,260.9854,15.4377,47.8645,78.7289,1,7,3
1307,50.944,54.1619,77.7019,225.5622,14.7274,53.1181,131.456,1,7,3
3870,88.6742,69.0778,52.0897,97.1084,3.0736,60.9743,102.6069,3,12,2
3489,43.9412,44.5803,97.5878,37.1219,0.8632,38.8022,58.8915,1,3,0
2865,89.7354,71.7957,49.3823,49.6159,0.6899,61.9474,86.6426,2,13,2
2386,95.6625,69.7519,54.9651,74.3821,1.0275,65.8756,17.0358,3,9,2
1541,23.8361,30.6234,75.2222,181.6886,26.5235,46.3023,71.5496,2,4,3
3237,100.0,42.6518,60.2135,84.495,0.0,79.7478,95.5836,3,6,4
3194,87.8874,70.7432,100.0,66.6235,1.8407,82.6232,10.0,2,5,4
1385,70.5261,36.5778,63.5154,64.9389,0.0,28.3672,24.8343,2,0,0
1116,31.7574,66.1614,17.6433,17.7252,0.8991,58.4376,92.2988,2,3,1
3302,29.9581,20.704,20.0875,75.5353,1.4447,41.9921,164.772,1,5,1
1934,32.1912,26.58,67.0904,48.9522,0.0,38.5796,58.4986,1,1,0
1299,100.0,82.8568,69.5088,40.0223,0.0,94.5694,64.1474,3,8,4
1581,51.8719,70.6665,1.8257,59.8753,2.3788,29.0965,224.312,1,4,1
3904,34.7611,75.0,66.5396,238.3108,32.6737,46.8524,106.5148,1,5,3
3189,66.2517,70.461,44.6396,116.7472,1.2928,83.9923,139.4613,3,9,4
1175,82.0386,66.5263,49.5662,60.8877,2.2584,86.1699,119.84,3,7,4
1133,37.1613,30.6781,49.9333,90.7344,0.3657,57.8581,52.7653,2,1,0
3684,31.6064,64.5535,87.3738,92.2757,0.0,46.367,94.0629,1,2,0
2188,33.5912,75.0,63.0038,78.2457,0.0,41.9285,18.5837,1,3,0
1045,89.9714,96.9211,47.9529,28.2844,0.0,83.061,39.4224,3,6,4
1521,17.0074,19.3787,2.3752,63.3613,1.7958,41.0079,137.4117,2,4,1
2923,60.0368,33.7528,62.0595,88.5063,0.0,39.5019,20.0005,1,3,0
2213,99.3906,74.9927,52.2119,24.0817,0.4872,81.8352,38.6791,3,14,2
2176,44.084,75.0,82.2543,263.4964,22.7113,38.8425,71.2055,1,6,3
3903,100.0,79.7698,36.4375,87.2827,2.0778,53.6875,75.0946,2,13,2
3666,24.7312,46.3352,13.5676,33.4331,1.4732,44.3709,151.0063,1,6,1
1765,76.6808,66.0954,38.9354,98.4934,2.0117,74.1156,83.3079,2,7,4
1788,89.4645,79.47,36.54,101.9539,0.0819,50.6938,64.9363,3,7,2
2830,77.0884,75.5926,43.327,61.2056,1.1938,76.6046,1.0,2,12,2
3757,70.0,72.1459,18.2405,78.1727,1.0433,59.3452,51.8708,3,8,2
3586,15.1486,57.9607,14.492,78.4382,0.6539,40.8581,134.0313,3,7,1
2617,96.0063,63.4149,28.601,78.401,0.0,91.1651,10.0,3,9,4
1112,87.9637,78.2693,46.4972,74.0441,1.2474,59.947,51.0143,3,14,2
3264,91.7759,82.7638,50.2969,65.9754,0.3228,84.2311,52.7004,3,5,4
1222,41.3728,51.4889,63.9328,87.6235,1.1019,49.798,52.3357,2,2,0
1002,70.0,65.0601,44.8534,203.8769,13.7372,56.8731,84.5194,2,9,3
2091,58.3035,36.5955,9.3884,27.015,1.6407,58.3565,151.2024,1,7,1
1991,79.952,81.4868,76.793,67.1118,0.8502,75.2499,82.5835,2,5,4
1309,52.9876,64.3325,17.4276,45.2709,0.0,56.2238,146.1712,1,7,1
2369,30.1858,57.0852,72.1242,37.4373,1.4571,39.7272,29.2044,1,3,0
2135,73.7509,87.8599,32.3372,75.6395,0.0,72.9143,51.5543,2,13,2
3323,69.5769,48.4313,60.4766,72.5789,0.0,85.6781,30.4822,2,6,4
3238,45.1103,35.0572,7.205,60.835,1.0149,42.5153,84.001,2,4,1
1651,37.4406,61.9878,55.5463,322.9293,23.2737,41.5521,20.2931,2,6,3
3909,53.9736,46.2543,55.0952,65.9597,0.6611,34.9915,77.741,1,2,0
1579,54.5242,40.1431,64.7665,25.0759,0.0,39.4737,50.1292,1,2,0
2224,40.6904,55.5662,12.9097,71.3066,0.5651,37.7198,138.2855,1,3,1
1885,34.5734,31.5869,70.6369,37.4472,0.0,54.4895,80.5153,2,2,0
3332,92.1312,78.8746,51.701,44.4052,1.9594,87.916,14.6042,3,8,4
1309,41.0137,39.143,48.6093,76.5345,1.1553,53.3885,51.5496,1,3,0
2973,46.8233,58.3069,99.704,261.8132,31.0141,44.0362,75.5304,1,11,3
1938,27.233,27.4337,1.446,20.3345,1.3457,25.0,134.348,1,7,1
1600,5.0614,45.1543,8.3438,47.0141,1.3269,45.448,147.299,3,4,1
1736,55.6212,51.3218,1.5088,114.4097,1.0001,41.2022,127.3197,2,5,1
2304,50.1837,47.4659,69.4265,50.3862,1.1152,49.1119,91.022,2,2,0
2398,0.0,25.66,13.0728,43.7264,0.3203,60.432,137.3479,1,7,1
1343,45.4338,51.875,24.4866,227.4842,25.5052,31.3316,21.4215,1,4,3
3154,63.4263,75.7298,57.8519,55.8014,1.3146,84.4821,162.6297,3,8,4
2728,42.0743,10.0,57.9527,242.1138,36.655,41.4044,43.1842,1,6,3
1838,24.6187,40.4131,11.0357,61.7826,3.0456,32.6551,68.3127,2,6,1
2371,38.5441,10.0,15.0388,51.8906,0.0,45.4365,177.4748,2,3,1
2434,100.0,80.8061,58.7585,28.104,0.0,63.6383,48.5223,3,14,2
3059,26.4624,45.0369,63.9872,207.0897,29.131,29.6863,53.6294,1,7,3
3967,85.929,75.0468,57.9963,95.0777,0.0,83.0463,70.205,3,3,4
1217,96.3068,80.0359,60.2202,88.0476,0.0,46.3728,122.3291,3,8,2
1736,34.718,36.9982,79.8593,76.8449,1.407,42.1059,110.6633,1,1,0
1377,74.6672,72.6525,44.5407,64.8774,1.4308,81.8167,92.1292,3,3,4
1552,29.5609,27.9086,72.4203,71.9151,1.8259,50.0147,40.9908,2,2,0
2056,68.1437,69.5391,43.3555,97.5624,0.0,81.2548,141.0271,2,5,4
3161,28.5541,44.8152,100.0,59.1381,1.7526,49.6887,16.3047,1,3,0
3432,51.0679,31.7806,32.4086,201.4353,37.0565,30.367,11.7716,1,7,3
2980,97.3745,78.6676,33.7643,41.6588,0.4142,62.014,53.0199,3,12,2
3731,89.3117,74.3983,56.1283,63.6684,3.3686,56.9951,76.1624,3,8,2
3291,84.6556,72.0778,58.7296,69.2707,0.8973,57.584,144.1788,2,13,2
3887,43.7771,75.0,19.9756,81.0326,0.0805,51.6764,122.4208,3,5,1
3557,40.0264,10.0,82.3336,220.4728,12.4516,41.4934,1.0395,1,7,3
3488,45.7509,46.9654,74.0989,36.4012,0.0,25.0,90.2076,2,2,0
2605,100.0,65.8941,66.0083,59.353,0.0,63.923,117.0683,2,14,2
2019,31.5598,44.5709,82.7297,312.5313,18.5771,28.8138,73.0559,1,11,3
1314,90.3991,100.0,78.6788,74.9591,0.8717,63.4556,77.5662,2,8,2
1706,54.0199,40.8137,87.6084,283.0094,16.4838,52.7902,45.2716,2,9,3
2060,91.4538,69.348,40.8897,57.8593,0.0207,60.1775,115.6944,3,12,2
2632,51.385,43.5238,87.5814,329.1758,33.0054,27.1423,103.1487,1,9,3
2562,40.5222,43.9748,5.1484,71.1015,0.0,42.7194,91.8621,1,6,1
3360,21.1829,56.0601,76.1098,206.7091,18.9414,48.9009,21.3278,1,5,3
3936,88.9483,71.7409,73.6424,86.9193,1.899,65.9794,56.6535,3,9,2
2700,70.036,68.784,77.4094,68.3038,2.309,91.919,77.2861,3,4,4
3247,34.4213,32.0652,54.7487,39.8868,0.6165,41.5126,103.727,1,3,0
3453,87.409,70.0574,100.0,62.7874,0.1832,64.9801,64.7174,3,7,2
2638,23.0456,23.2958,25.0,45.6727,0.0,39.7327,77.8021,3,6,1
3292,26.8471,73.5759,62.0306,83.066,0.9709,50.9093,8.5179,1,3,0
1623,70.0,82.5001,21.7474,64.9032,2.7701,74.8177,73.81,3,13,2
2503,35.5933,32.9968,35.4544,21.6784,0.3435,42.6276,7.4897,1,2,0
2468,77.5625,63.4551,43.3525,104.6401,1.1851,76.6522,11.2341,2,6,4
3092,42.4896,58.0379,76.4896,237.3387,18.3388,41.344,73.3623,1,10,3
1412,94.7103,76.3243,64.111,81.6062,4.0462,66.0976,72.0926,3,13,2
3482,70.0,80.4716,69.6738,41.3899,2.9518,66.6675,38.873,3,12,2
1087,93.0967,74.1237,40.9219,77.5128,0.0,53.3446,37.5155,3,11,2
1205,45.5253,19.148,48.4941,58.4123,0.8132,42.5195,28.1902,1,2,0
1457,92.192,73.5374,58.0904,88.0743,0.7603,72.245,103.8217,2,4,4
2937,88.6084,58.2957,58.1165,53.5111,2.4981,66.8782,136.2961,2,13,2
2793,62.1392,10.0,77.9326,63.1841,1.0998,34.6636,48.7972,1,2,0
1821,94.1065,80.0196,61.9795,58.9264,1.6931,67.6382,50.9214,3,13,2
3983,63.9843,56.2474,60.1843,80.0002,0.4626,78.1635,135.8943,3,3,4
3300,10.3513,30.3093,14.0792,28.0217,0.0,41.574,122.0165,3,3,1
2297,74.1707,60.8701,65.0032,125.8527,1.2843,78.3207,12.0737,2,7,4
1623,34.8813,44.0705,8.3417,84.7783,1.3421,39.3183,108.7543,1,8,1
1313,82.9431,77.846,55.8715,103.5046,0.0,70.5619,83.3124,3,7,2
3960,69.3118,11.9661,5.4201,87.9558,0.368,53.6138,157.5406,1,6,1
2705,76.779,75.6678,80.9371,23.1058,1.2003,78.0687,96.3948,2,3,4
1369,79.0614,41.5127,54.1762,121.2696,0.9409,85.5559,71.3569,2,8,4
3835,95.4565,55.9777,38.6639,80.2461,0.0,80.6457,136.6215,3,8,2
3182,64.5437,35.0,63.5828,44.6638,1.0041,96.297,83.0799,2,4,4
2692,16.8384,42.522,5.8692,43.1175,2.1928,47.3864,107.0472,2,7,1
2476,60.1096,58.0197,9.684,94.4841,0.5334,54.3998,204.0434,2,5,1
3964,34.2354,39.8773,9.0542,62.0127,0.4262,35.8755,128.2947,2,4,1
3907,72.1052,49.2342,60.2169,107.4489,1.2475,74.0843,112.73,3,8,4
3191,34.4201,66.3853,58.7717,287.267,13.4687,33.0072,46.9817,1,10,3
3802,4.0861,43.6681,59.7037,86.2375,0.179,48.9047,19.7255,1,0,0
1740,29.2601,44.4603,10.8681,83.6986,0.0,49.9828,96.928,1,8,1
1100,75.4179,66.1198,18.1285,51.0589,0.7923,81.6787,108.0693,3,3,4
2459,27.5919,72.2423,43.3989,223.0333,23.0879,36.3514,1.0,2,5,3
2600,31.6963,42.6666,73.3055,257.6388,20.6851,28.0128,55.6876,1,7,3
2548,19.856,51.5275,89.8542,242.1045,21.713,43.0487,4.1039,2,5,3
2993,39.4446,33.203,74.9043,299.6837,19.3336,49.2273,8.5229,2,7,3
1550,44.318,26.9772,8.152,43.097,1.4587,35.9074,109.6958,1,5,1
3508,26.3121,29.4846,22.1455,31.4312,1.4762,42.9636,105.0248,3,4,1
3028,99.6621,63.7421,60.714,14.2066,1.5179,76.2581,40.3597,3,7,4
1887,43.0712,53.2975,100.0,212.8998,29.467,37.0359,76.5869,2,11,3
1020,59.3718,49.2989,16.1865,50.9069,0.0,52.0763,100.639,2,8,1
1646,36.5509,47.7678,46.7016,242.6479,43.4225,33.6432,35.0496,1,7,3
2524,100.0,63.253,70.9638,70.3429,0.4635,81.1508,10.0,2,7,4
3972,62.6924,36.1741,55.5982,274.68,26.4678,56.2458,35.5847,2,11,3
2655,63.6319,56.6603,15.7354,55.0884,0.1838,43.0588,106.9247,1,4,1
1920,33.7611,48.6642,17.5764,46.8534,0.6687,47.3522,139.3465,2,7,1
2036,31.802,74.5448,75.0414,310.0431,24.9553,50.7802,65.1936,2,7,3
3118,59.6305,64.1614,45.3122,71.0581,0.155,78.8238,105.1836,3,8,4
2953,60.3878,22.5504,48.5567,88.2248,0.0,46.3689,77.3368,2,0,0
1656,51.2083,67.3054,75.0087,186.5088,39.4637,46.685,117.1372,1,7,3
1468,29.0151,31.2249,53.1865,333.4386,18.576,31.5411,85.5781,1,11,3
3664,26.7254,28.3694,44.2434,257.4935,37.7449,47.249,38.1864,1,7,3
1034,59.0661,13.1419,12.6822,51.7769,0.3446,41.1199,159.4684,3,3,1
2875,38.2369,55.0512,79.6212,48.5961,1.8809,47.6773,40.4592,1,2,0
2825,37.5805,10.0,6.2328,37.893,1.6644,38.4779,75.6245,2,8,1
1421,26.2647,54.1302,10.8907,56.1483,0.0,28.068,126.0124,1,6,1
3890,31.4043,59.6061,9.0379,54.7488,1.3192,45.5164,167.3368,3,8,1
2376,77.6053,63.9083,37.6816,38.7208,1.9008,82.5448,81.2884,3,8,4
2057,34.9659,52.4183,100.0,41.25,0.5629,50.6345,74.5313,1,1,0
2674,22.8306,68.077,7.1605,52.9561,0.8783,55.45,90.8414,2,4,1
1232,50.9616,73.2326,88.1832,64.8295,0.2034,44.2712,76.6507,1,0,0
2789,41.0805,52.3615,75.5543,127.5996,0.0,55.5004,24.8653,1,1,0
2792,0.0,33.5112,88.2495,182.4736,17.294,46.5856,76.6639,2,9,3
3155,53.1257,44.0575,72.4914,260.0222,13.5569,48.9805,60.5838,2,9,3
1206,32.406,71.4524,9.5521,70.0177,0.405,54.8622,148.8342,1,4,1
2010,42.2257,64.8188,29.5877,198.8716,16.7154,43.8534,23.2181,2,5,3
2999,44.9199,21.9654,54.2778,98.5873,0.0,43.2123,59.6314,1,0,0
1960,88.6739,79.0086,54.9894,106.9543,0.0,60.5468,59.667,3,8,2
2261,16.8049,10.0,46.2616,199.7277,19.5285,38.2205,61.3134,2,7,3
3740,35.0721,68.8241,76.9543,79.2969,1.4489,49.8079,43.0682,2,0,0
1414,84.0769,71.7672,52.1142,109.4678,1.1366,45.1837,81.7162,3,12,2
2208,93.9777,88.4414,48.8075,112.039,1.9207,89.4369,145.7675,3,5,4
3331,83.5143,85.767,37.0158,97.1088,1.1363,68.5838,38.0432,3,14,2
1978,26.1609,40.4561,7.7485,106.6652,0.0,49.9938,72.5212,1,5,1
3228,75.8864,86.4142,50.4412,35.9059,1.3432,58.5081,15.1982,3,7,2
3873,36.6421,37.7814,68.7416,60.367,0.0,53.4159,78.7642,1,3,0
2571,86.0486,64.0093,66.281,51.1072,2.2782,59.2315,29.8589,2,13,2
2642,28.8612,44.8885,9.3695,68.3353,0.0,42.3346,134.9293,2,7,1
1302,92.3122,87.9517,99.8305,80.8751,1.0441,65.8291,67.7003,3,7,2
1019,45.7507,51.5627,61.5879,89.1418,1.2808,41.698,51.8304,2,2,0
2421,68.3996,56.7263,55.9375,256.1902,10.0,39.2571,105.2278,1,8,3
3398,79.6609,40.9665,26.2697,33.6086,0.4302,91.9259,114.0765,3,5,4
3919,22.0624,38.4689,72.907,9.8027,0.4198,38.2334,18.4948,1,1,0
1100,70.0,53.2539,24.9672,68.9574,0.0,44.7274,120.372,2,4,1
1698,35.6357,18.2441,11.3289,103.8092,0.0,42.8292,111.1556,2,7,1
3233,56.7629,48.13,2.4771,88.0914,0.0,41.034,178.0811,2,3,1
2170,79.1172,66.8396,77.487,125.8683,0.0,52.8165,61.6204,3,7,2
1230,70.0,30.6305,56.1257,241.3545,19.1893,51.1482,73.6962,2,9,3
2945,76.7473,51.8537,54.1712,104.5953,0.0669,81.505,60.7044,3,3,4
1672,100.0,72.7555,64.0211,64.5127,0.0,62.4397,39.6916,3,12,2
3548,36.2203,32.5044,62.7556,64.8776,0.0,40.2629,13.5349,2,1,0
2563,35.655,54.7193,83.776,241.0488,13.8655,33.0037,43.5396,1,5,3
2841,75.4109,96.5713,54.7461,70.0437,1.2248,62.0333,125.8728,3,7,2
2191,34.8033,39.075,14.0992,76.1098,3.3516,29.6637,132.369,1,6,1
1515,27.6115,33.1612,66.8016,357.9764,10.2324,49.4794,65.927,2,4,3
2554,44.0112,46.1137,9.7456,59.7436,1.2571,41.018,160.5749,1,3,1
2847,71.6908,93.0427,53.4116,44.1793,0.565,75.3893,65.2017,3,5,4
2200,53.8951,49.22,65.1475,187.3567,25.0132,63.0989,75.9201,1,10,3
2942,48.489,22.5292,39.5315,272.595,15.4164,42.3764,80.9787,2,8,3
3876,61.2794,71.7009,35.9868,104.8044,0.0,73.8259,106.6063,2,8,4
1873,40.8971,41.6868,4.9367,74.5491,0.0,42.3774,130.3982,2,6,1
3607,76.2932,77.0407,33.5769,82.2919,0.9511,82.6614,128.0739,2,9,4
2065,34.1848,38.2434,1.8196,51.0462,0.4737,42.3755,119.5821,1,8,1
1179,88.5003,69.8039,89.6265,50.1469,0.7912,60.3661,3.9176,3,8,2
1466,53.1768,35.7903,54.0696,72.0996,0.993,45.0291,60.4461,2,0,0
3525,70.0,73.8893,50.5877,95.476,1.5035,60.9892,43.9593,2,8,2
3417,77.244,74.5795,55.0503,41.8972,3.7136,65.0514,71.0637,3,9,2
3135,72.9803,79.4012,59.3185,53.487,0.0,79.8865,53.4678,2,5,4
1096,41.3025,43.8562,36.9803,221.2278,12.9947,48.9342,34.1074,1,7,3
3806,85.4598,79.1723,67.7109,75.5303,0.0,58.2524,95.1089,3,13,2
2491,86.0923,79.8864,55.1762,81.436,1.9235,53.7003,82.0291,3,14,2
1739,23.6473,37.6674,45.1819,189.4558,17.4725,29.8779,1.0,2,8,3
1373,37.3637,62.0733,59.4713,150.0,13.2091,36.7545,25.1457,1,9,3
2021,83.2146,77.3688,39.3971,51.0772,0.2661,61.542,45.0126,2,8,2
3966,34.7752,40.4286,71.4018,150.0,34.0019,40.9029,70.0731,2,6,3
2760,37.7122,69.2531,66.1194,46.9615,0.0,41.5524,89.2858,1,3,0
1462,29.693,50.6439,70.1407,201.2188,15.2777,53.0617,11.8377,1,10,3
1483,15.4598,56.1041,77.2586,206.1511,14.6576,43.3852,86.1922,1,4,3
1068,88.143,84.8639,87.1082,25.7316,1.1964,63.933,59.2946,3,10,2
2471,64.2431,49.3404,92.4578,42.013,1.3156,30.2539,87.1115,1,1,0
3304,39.8269,62.2028,4.9576,53.0525,0.8354,41.2324,145.4942,1,8,1
2679,97.0192,79.8273,27.0523,143.0911,0.0,47.9352,66.2532,3,7,2
2079,92.2529,68.9933,51.3851,42.5782,0.3653,55.5955,67.9527,3,9,2
2800,97.7893,80.0515,37.0755,79.2671,0.0,55.4048,54.4674,3,11,2
1493,77.0029,84.465,57.172,57.8396,1.0551,86.6497,51.7845,2,3,4
3193,73.6974,48.8237,38.8622,76.4053,0.0,87.586,63.9872,3,6,4
2704,82.5503,82.99,38.5433,85.1983,0.0,62.4053,107.2298,3,14,2
1880,47.3046,37.8135,75.7567,66.6684,0.4085,47.9146,58.0332,2,0,0
3214,48.9876,75.0,70.4718,203.4236,10.0,52.6792,142.7027,1,5,3
2443,34.9135,75.0,13.8691,92.4692,0.8111,36.1041,152.4557,1,4,1
2103,43.0399,67.2828,2.2137,82.8932,2.5581,57.1223,140.5557,1,5,1
3625,30.4037,27.8976,70.1429,81.6556,1.3659,36.1908,58.4626,1,2,0
2562,27.998,22.5602,58.4596,280.6272,27.6436,57.9459,20.1492,1,8,3
2211,41.7788,51.2163,7.479,62.3505,2.8154,42.2766,133.997,1,6,1
2906,39.2929,35.2737,10.5341,45.0214,1.3439,48.8194,73.5453,3,5,1
1964,64.3126,56.1488,30.3603,27.6141,0.5247,76.9632,71.4368,3,6,4
2974,59.5007,25.8448,71.353,33.8178,0.0,47.6321,18.5648,2,2,0
2686,21.2253,56.0337,61.454,34.9406,1.3528,36.6487,8.9674,2,1,0
2223,22.1808,10.0,57.2683,323.6274,25.3671,50.1339,89.3579,2,4,3
3963,41.818,75.0,12.6582,81.3375,0.3603,37.0986,87.5723,2,5,1
3062,52.0538,12.2968,36.8355,63.773,1.9737,45.0466,30.6853,1,3,0
1729,35.3699,35.1592,53.2641,89.1236,0.0,53.5265,66.5586,2,0,0
1217,92.6846,83.2423,57.6701,109.357,0.8343,54.1702,51.3789,2,14,2
1317,63.6008,56.7797,82.216,34.1465,0.4877,80.6843,135.3422,3,4,4
2583,75.3402,75.206,39.375,83.7801,0.1606,77.9619,34.2453,3,4,4
2485,94.1029,79.4144,52.0925,61.9991,0.0,48.7338,48.158,3,11,2
3420,70.0,77.5602,15.0,79.6426,1.6599,78.8824,55.2562,2,7,2
3086,45.7877,15.6211,69.558,27.8467,0.7924,32.9441,62.0525,2,3,0
3217,49.9838,40.8495,85.0958,20.4915,0.234,40.1019,72.6393,1,3,0
2479,53.3215,45.6577,60.3277,248.0995,35.7675,47.1689,22.0722,2,8,3
3774,19.0528,47.332,0.0,93.2839,0.0,33.2534,147.1399,2,6,1
2770,43.1881,53.271,58.6745,166.0765,21.1828,31.8507,33.0159,1,4,3
3787,46.1166,34.9948,58.144,251.466,23.201,41.9336,39.4644,1,7,3
2760,92.0043,83.0341,85.4025,98.7102,0.3442,55.6496,20.3308,2,13,2
2486,88.3094,72.0851,93.557,88.8261,0.4323,85.1692,78.7617,3,9,4
1430,54.3833,51.3364,51.2263,266.0038,12.5671,40.039,26.5758,1,11,3
2857,18.3587,31.4332,8.7368,90.7017,1.2522,30.6075,95.0229,2,4,1
3477,64.0267,39.7357,49.7242,52.0678,0.9442,35.407,63.659,1,0,0
3390,22.2266,45.6734,58.1208,236.4876,31.0471,44.482,119.3838,2,11,3
2640,34.8415,36.1013,79.6968,273.9657,32.6373,39.0188,46.8254,2,6,3
1832,13.8312,59.2147,80.4497,69.6765,0.3227,48.1488,92.1985,2,3,0
3686,81.5195,100.0,13.2899,118.0133,2.627,88.0807,96.6163,3,3,4
2441,63.9376,28.8007,64.478,184.2618,27.3612,41.1251,58.9318,1,6,3
3742,87.0005,83.5196,75.5583,73.0768,0.2543,75.7128,63.8826,2,5,4
2260,77.8828,65.2919,63.3556,96.573,2.8258,95.7405,105.4761,2,6,4
1665,45.4307,28.7164,14.2795,69.6554,0.4662,51.6338,175.723,2,6,1
2135,86.7449,85.924,27.1046,63.2887,1.4057,65.0986,22.0826,3,10,2
1347,44.1776,32.6195,69.1832,231.6442,21.505,55.7714,42.1911,1,5,3
2245,39.0801,35.6669,68.824,53.0081,0.6687,65.0,1.4532,2,3,0
3523,41.4444,25.9235,78.9704,237.4832,10.0,48.127,102.9109,1,6,3
2562,96.7516,88.2488,82.8109,73.2483,0.8029,51.8602,94.0274,2,14,2
2410,74.9641,62.5856,85.2589,68.039,0.0,91.394,46.7981,3,8,4
3642,18.1777,20.9969,76.4537,1.0,0.7544,26.8165,34.6737,1,0,0
2889,25.3046,50.5561,47.894,192.4224,27.1709,46.767,2.2851,2,10,3
3074,73.7921,75.6854,32.4317,113.5167,0.6014,92.7787,108.29,3,8,4
2247,79.863,78.2848,82.2822,74.1814,0.6643,85.382,60.5456,2,6,4
3413,88.3624,89.4772,50.1128,105.2237,0.7134,60.079,40.1452,3,8,2
1346,86.2822,68.1506,76.5488,97.3727,1.0937,45.6268,33.7656,2,7,2
3181,29.1384,40.6717,10.3093,31.9607,1.9547,41.3725,213.7395,2,6,1
3502,79.0985,64.3921,63.6073,37.992,0.9166,83.0559,148.4339,3,8,4
1483,40.0013,44.3012,45.4857,55.0999,0.0,35.452,66.8857,1,2,0
3492,45.9724,44.1999,7.8603,83.4736,1.7702,53.2728,85.2739,1,6,1
2972,29.3415,57.5538,14.9493,83.6669,0.448,57.3129,60.0,1,8,1
2843,43.9558,63.6742,85.1709,57.6179,0.0,31.129,20.5674,2,0,0
1801,7.4641,55.7812,69.9859,257.9851,26.2231,43.6999,90.7722,2,9,3
3290,65.9103,50.8454,63.5056,66.4165,1.1858,46.402,69.2695,1,2,0
3011,90.1755,74.4539,39.6867,99.1301,1.0222,64.9394,68.5561,3,8,2
2374,53.7463,49.0704,43.5253,248.3424,19.2492,49.9515,85.5352,1,7,3
3747,51.9002,19.4152,70.2675,63.9308,0.0,42.0331,2.5414,2,2,0
2433,62.1231,21.0434,64.195,150.0,17.165,50.8342,35.779,2,10,3
2260,31.0348,40.1697,20.825,91.2317,2.077,45.505,186.6509,2,4,1
1767,85.0423,74.6285,45.2747,74.6413,0.1189,74.5855,121.1994,3,11,2
2437,93.3893,82.6176,45.678,58.2018,2.6593,70.4933,1.0,2,12,2
3087,78.3272,78.5848,39.5557,48.5086,0.0,57.1514,96.5369,3,12,2
3082,18.0484,50.939,67.9361,92.7062,0.5721,38.409,20.9753,1,3,0
1018,17.4624,52.7949,37.1194,49.1325,0.0703,32.4761,105.5124,1,2,0
2365,91.2032,48.0535,49.5669,106.0461,2.4431,89.9793,69.2221,3,8,4
1910,99.1136,83.0264,22.9246,49.5179,1.9946,69.452,114.7351,3,8,2
3696,80.2871,95.5271,49.3025,60.8745,0.1362,50.6535,95.1378,3,7,2
3227,69.8414,58.208,56.4567,97.2728,1.2321,85.6671,64.918,3,7,4
2336,36.7514,18.3885,13.9232,62.4441,0.1178,48.9438,102.9277,2,3,1
2985,38.4418,60.3911,15.4455,1.0,0.6136,41.2371,60.0,2,5,1
2765,86.0591,77.0971,93.5667,29.2291,3.0496,66.3498,108.8961,3,12,2
2986,48.3117,30.0043,50.196,68.3761,0.1579,41.9338,29.9498,1,2,0
1974,87.174,81.7382,56.4525,67.4373,0.0,69.9069,118.0836,3,14,2
3321,30.4264,54.5027,30.5601,236.329,10.0,33.2415,73.9179,1,6,3
3779,93.6171,100.0,52.6834,73.6994,0.0,68.968,114.4943,2,9,2
3314,10.9308,46.5047,62.3185,283.4171,22.0442,36.1272,99.6247,2,11,3
1684,2.7133,20.2892,60.1437,257.2222,22.8348,46.7462,83.4672,2,7,3
1907,47.733,41.0345,0.2219,85.7599,0.0,40.4674,148.8108,1,6,1
1309,26.4178,41.9834,57.5197,33.1066,1.4855,46.7306,13.1969,1,2,0
3844,89.8061,79.5993,60.9178,64.845,3.2251,59.4141,61.0655,3,7,2
3798,40.4583,29.4491,19.6819,46.3701,1.0767,46.0059,123.4003,3,7,1
1726,29.304,54.3366,15.5666,67.9478,2.0241,55.1734,151.0983,1,4,1
3403,25.3388,49.0837,49.6459,215.5295,13.8114,39.5242,82.1193,1,10,3
3220,63.4708,13.5382,72.5628,84.9919,0.2507,41.1027,20.6826,2,1,0
2025,18.7215,42.1729,14.3655,47.6674,0.9143,52.0703,60.0,2,4,1
2346,63.0363,48.7318,73.4127,52.7531,1.2955,31.0565,13.5303,2,3,0
3689,53.6246,42.5135,1.2413,16.5953,0.8927,33.7185,60.0,3,8,1
1436,36.9624,50.6395,43.508,258.4035,29.5806,50.8261,107.0841,1,9,3
3288,35.3046,28.8063,13.2636,63.6346,2.1374,53.619,127.3595,3,6,1
2309,93.8665,77.8997,63.059,23.1054,0.6258,55.089,135.4351,3,8,2
1727,43.5149,42.0009,67.3691,253.0902,30.8063,36.1868,1.2643,2,7,3
1889,37.3817,10.0,72.807,185.1616,14.0774,43.0396,115.3627,1,10,3
1021,86.2253,46.9218,52.3935,67.8441,0.1032,86.2081,136.8618,2,3,4
3333,32.3785,22.0277,66.249,337.1394,33.7549,43.6082,74.5571,2,11,3
3542,49.8871,23.9686,13.4274,66.8449,1.1467,59.3866,106.1199,2,7,1
1357,74.2555,81.7251,58.2095,76.8233,1.0148,84.2344,25.1263,3,3,4
2146,24.4652,40.511,80.4341,66.1343,0.4134,34.728,31.0455,2,2,0
1213,87.9163,93.2935,69.87,118.1849,1.8945,56.9772,66.3571,3,8,2
3908,63.2926,37.5181,62.8992,173.8957,21.1944,39.7206,107.6997,2,7,3
3059,23.863,71.1347,21.308,62.0353,0.2787,32.4147,136.3566,1,6,1
3953,83.893,82.0015,83.138,95.639,0.372,72.7054,78.5848,3,7,2
1366,85.7392,88.8799,51.3184,84.7964,0.1602,67.9119,57.1224,3,8,2
2513,85.5617,92.48,27.4472,86.7872,0.4066,80.9629,158.3655,3,7,4
2354,37.6821,35.705,83.7384,76.114,0.1514,35.9024,81.5622,2,0,0
1935,74.2629,71.0657,34.0365,54.877,0.7453,79.5514,117.1828,3,8,4
3228,32.5106,54.5944,65.8449,52.8408,1.648,30.3441,61.9109,1,3,0
3072,49.07,72.1245,2.0322,83.8196,1.004,52.3828,60.0,1,8,1
2166,30.0779,43.1599,1.5138,95.6099,2.9397,43.0515,117.3065,1,3,1
1018,95.0369,48.0298,32.3232,63.3563,0.0,96.6684,57.9316,2,6,4
1339,78.5372,58.7572,53.6191,72.3709,0.0,77.4681,124.3536,2,9,4
3999,34.8582,33.5651,49.6184,72.3074,0.0,50.8481,21.1211,1,2,0
2635,63.0239,70.1141,32.8008,70.2551,0.196,90.216,103.2023,2,9,4
3607,41.828,56.7261,17.7711,81.8247,0.8147,43.5745,107.7191,1,7,1
3060,68.0165,16.9245,4.0486,102.7171,0.1625,49.1306,143.9811,1,3,1
1261,69.083,75.8457,30.5116,90.0367,0.0,77.9139,140.3848,3,7,4
2704,31.2876,44.6763,76.9211,302.8841,10.0,26.5657,45.1177,1,5,3
3714,46.5863,50.9555,80.2219,72.4086,1.0652,47.1809,120.0,2,3,0
3360,50.6027,60.2857,64.6238,97.5507,1.0808,35.9131,46.514,2,3,0
3515,26.0184,14.6616,63.7676,150.0,19.8589,40.8029,26.1286,1,9,3
1708,92.2209,66.9879,50.6477,78.486,0.0,66.0637,32.3497,3,7,2
2592,34.9832,41.6185,40.3921,95.022,0.8202,45.8771,2.1537,1,1,0
3607,40.787,38.5299,51.405,48.3006,0.3082,50.5861,37.5918,1,1,0
2537,47.1017,54.6599,7.0713,51.5015,0.6345,37.6931,166.1892,2,4,1
2880,48.7398,46.0488,100.0,40.0462,0.7418,33.9283,18.782,1,3,0
2119,27.4072,36.641,36.7141,300.8359,10.0,34.6419,109.8458,2,10,3
1101,44.6045,60.0256,17.8534,36.7999,1.9154,36.6566,60.0,1,4,1
2363,71.2014,100.0,60.2421,65.7116,1.2021,79.7339,105.2532,3,3,4
3561,91.9458,70.3864,19.2694,83.771,0.6264,56.43,150.0,3,10,2
1706,27.0281,53.451,0.0,89.0257,0.0671,45.223,79.2318,2,7,1
2640,3.4938,51.2498,58.8231,238.1618,14.9694,46.2883,19.7193,2,10,3
2055,39.0348,51.5847,72.7538,183.1079,10.0,35.3515,52.1709,1,7,3
2476,95.975,81.2904,75.9082,47.3551,1.0016,61.1352,10.6382,2,12,2
3157,74.9935,46.4907,62.46,74.5101,0.0,75.5298,12.8598,3,8,4
1714,43.7529,54.3339,6.0735,54.9353,1.2771,31.7872,121.5065,3,8,1
1060,56.9086,51.6948,61.2967,59.8221,0.0,42.9493,36.0967,1,2,0
1939,5.1819,63.8307,14.4262,92.2284,1.1645,41.3506,110.5175,1,5,1
1168,40.8124,45.5467,18.0842,63.2643,0.0,29.5527,63.2907,1,4,1
3938,79.8338,57.0711,53.3893,72.9929,1.2076,79.7712,90.787,2,7,4
1530,51.8621,46.5305,56.8097,72.403,0.7859,44.8541,25.7411,2,1,0
3127,100.0,44.945,23.7844,45.1354,1.0582,90.4582,57.9126,2,5,4
1440,20.5529,50.6826,66.243,49.145,0.0,41.6773,84.9886,1,2,0
3582,76.4323,77.9513,43.7603,48.514,1.1558,79.2574,105.9278,3,7,4
2243,44.2889,46.7472,75.8486,250.8419,21.9219,32.8394,56.7871,2,8,3
1915,66.1661,83.0389,41.6984,100.0602,0.2867,96.8504,176.2076,3,7,4
2301,92.4323,63.2357,39.173,40.1211,1.1015,68.2316,44.1056,2,11,2
2137,84.4725,64.7489,19.6041,85.5401,0.6816,67.4232,55.2263,3,14,2
1954,84.2897,66.8592,27.3119,81.8283,0.7097,54.1963,1.0,3,7,2
1639,15.9661,48.4422,80.253,13.4379,0.9009,57.027,39.2741,1,3,0
1863,42.2687,59.4333,84.9922,204.2018,23.1908,36.333,38.4688,2,4,3
1465,61.455,66.9989,68.8649,237.3457,19.5451,35.6342,27.159,1,8,3
2826,86.9727,87.7018,58.6794,53.3103,0.312,60.2801,100.8289,3,7,2
1242,85.8297,65.8984,49.5683,76.0888,0.3751,68.6436,81.4966,3,9,4
1171,44.4463,49.0897,62.1544,59.0688,0.2643,50.2705,61.2821,2,3,0
2140,42.6486,27.5688,77.858,63.2482,1.7299,28.708,48.0874,1,0,0
2276,41.9111,75.0,9.401,88.1527,0.4578,39.8328,99.9116,3,6,1
3751,69.1069,60.9469,57.4405,69.729,2.3695,84.1676,115.4618,2,8,4
1893,39.748,19.716,100.0,60.9923,0.0,39.8368,73.5955,1,3,0
1263,86.684,79.0552,45.4082,79.7733,0.0682,69.6833,44.63,2,9,2
1984,40.9982,66.5445,61.2769,61.5675,0.5919,40.7062,40.509,1,2,0
1994,65.8115,45.5409,95.8568,74.482,2.0396,46.2008,69.0413,2,3,0
3233,15.3744,75.0,91.0435,304.974,23.1301,32.8109,66.6475,2,4,3
1187,36.9184,30.3606,34.7894,30.9772,1.2355,42.3573,43.0362,1,2,0
1099,43.3782,45.1221,81.3479,249.4263,20.5065,40.1776,51.1098,2,11,3
2422,8.0193,29.6907,78.5849,29.3021,0.2436,40.1798,1.0,1,2,0
1583,42.6891,61.9203,63.5887,85.6726,1.9258,43.4841,70.8924,1,2,0
2554,61.8459,47.0507,76.8821,275.7674,11.0847,40.577,13.6342,1,8,3
3823,77.5287,68.9379,53.0354,60.2257,0.9759,83.7602,60.8114,2,5,4
2828,13.9596,18.8952,11.5483,41.1731,0.5016,46.9123,122.7056,1,8,1
2832,82.2654,81.1842,71.9125,84.2802,3.7162,73.1465,50.6244,3,3,4
1124,76.4537,55.7383,52.0241,114.7401,1.7489,86.1024,151.5924,3,3,4
1884,87.611,90.768,24.9555,54.757,0.5179,62.4661,1.0,3,11,2
2807,32.0576,26.7616,99.5434,1.0,0.0308,47.9905,24.1795,1,3,0
1247,76.6813,83.5692,27.0315,61.7087,0.0,51.6055,76.7814,3,11,2
2502,76.7784,65.5391,68.1919,62.6676,3.5982,62.6319,77.9635,3,13,2
1404,81.3509,81.4342,74.8924,104.5795,0.0,85.6909,42.8863,3,6,4
3645,73.2037,65.2419,51.7112,86.4277,1.2021,75.0414,47.9958,3,8,4
1061,80.5826,92.949,26.3394,30.4086,1.5072,77.1607,101.7062,2,7,4
1597,100.0,100.0,27.9567,66.0197,2.203,62.1168,32.0835,3,12,2
1891,93.8689,66.205,86.743,53.0186,0.257,83.7841,163.6102,3,4,4
1932,52.426,56.6485,5.8479,36.9602,1.7181,49.6703,133.9013,1,6,1
2908,82.4624,77.5814,72.7691,99.0755,0.0,53.9309,108.6931,3,14,2
3963,23.5457,33.561,71.4041,212.5898,10.0,44.513,32.281,1,4,3
3582,43.7355,60.1127,71.8814,77.6492,1.8019,52.7786,74.6581,1,3,0
3134,100.0,88.0949,57.4037,102.0945,0.7401,68.1965,36.1625,2,8,2
1757,40.6832,36.5535,9.924,73.7728,0.3919,41.0549,152.9061,2,6,1
2399,83.0334,89.7369,60.2027,79.1013,0.8688,71.6713,51.8744,3,10,2
3268,81.4043,77.6124,66.1017,110.611,1.2786,63.3294,94.8239,2,14,2
1175,43.832,65.8929,60.6795,312.2183,25.6531,39.6667,20.6623,1,11,3
2897,32.7375,37.4406,90.9141,59.7451,0.1862,33.7986,42.635,2,1,0
1607,45.4141,45.0361,71.2553,265.4909,18.1463,33.4606,24.9631,2,10,3
3747,35.0339,50.9554,76.6537,274.1988,30.9979,35.3177,126.1712,1,9,3
3359,11.5428,40.2986,10.2083,30.4939,0.5324,28.2589,138.1409,1,4,1
2609,69.7248,67.6956,17.7658,80.9757,0.46,70.5737,108.3303,3,5,4
1622,95.4232,56.9852,51.5512,81.135,3.5877,84.5269,10.0,2,8,4
1337,46.6879,37.8629,73.3309,168.9356,33.103,54.6592,99.0465,1,5,3
2973,73.1623,82.5239,92.8483,68.8016,0.8468,85.0064,81.169,3,4,4
2182,80.227,73.9169,28.0682,95.73,1.5396,89.6187,146.1385,2,3,4
3327,71.3975,45.945,38.0938,53.461,0.8882,38.9825,13.6427,1,0,0
3138,23.0007,49.0855,93.7402,45.9548,0.1534,43.662,65.8009,1,2,0
1848,88.6575,73.7761,64.1505,43.5265,2.2933,62.3625,77.5241,3,14,2
3757,54.7285,58.5574,10.1876,70.7693,1.0744,34.546,195.211,3,4,1
1928,50.5293,43.354,77.6696,64.3252,1.3803,46.6703,68.0569,2,0,0
1938,23.918,54.4929,57.2488,47.0746,0.7074,41.5067,120.0,2,2,0
2705,48.546,69.7759,81.577,191.3267,22.6853,32.4192,77.4459,2,6,3
2143,24.3934,43.6027,64.1135,269.3324,10.1813,49.7212,60.5169,2,7,3
2992,60.4579,61.9515,55.0807,47.7444,0.0516,40.0518,66.9482,2,3,0
1414,45.8092,47.1861,69.338,191.8835,28.6032,51.1822,114.0723,2,4,3
2609,23.4101,54.982,77.7452,181.0596,28.8824,46.1508,73.1515,1,11,3
2973,91.2846,58.1135,59.2214,52.031,2.3303,83.2751,86.3744,3,6,4
3908,67.9739,72.5945,30.5085,73.6701,3.072,73.4551,142.5509,3,3,4
3585,30.5916,32.7803,55.8499,249.1006,26.4993,42.0747,28.2277,1,5,3
3642,79.7247,68.6977,36.3315,64.5558,1.7052,85.0,26.226,2,12,2
3606,84.8725,61.5786,33.3453,63.2715,1.8875,67.2668,46.747,3,13,2
2841,39.2692,61.4997,82.4201,88.067,0.0,39.2572,1.0,1,2,0
1644,20.8193,47.6192,9.9929,54.0288,1.5414,44.3984,146.8193,2,3,1
2515,92.1443,41.5868,45.1497,83.5866,0.0,70.1478,61.1999,3,3,4
1125,61.8257,71.5701,57.892,4.5131,1.1406,45.0778,80.3019,1,2,0
2219,97.0097,77.0091,60.678,62.971,1.2113,54.477,34.5949,3,10,2
2823,26.6716,50.6016,9.2691,69.8526,2.431,50.0056,127.0509,3,7,1
1573,9.9472,38.8149,87.4317,72.6932,0.129,39.7662,42.3849,1,1,0
3633,94.6223,75.9805,53.1402,63.9651,1.4788,57.5516,86.7715,3,14,2
2588,83.274,71.6004,21.8692,67.779,1.7278,91.2304,113.2584,2,7,4
2151,82.5576,40.4887,68.5353,16.9564,0.8853,76.5221,60.9299,3,7,4
3478,46.5945,23.936,36.8349,56.9549,0.5086,41.8126,16.2808,1,3,0
1952,39.9232,60.3876,80.6332,46.7295,0.0,50.1981,75.176,1,3,0
3548,37.1936,10.0,5.7973,60.8523,0.0,41.7834,120.9231,1,7,1
2382,21.6644,67.9767,47.125,10.9789,1.0126,41.6033,80.0962,2,0,0
1576,64.4341,30.1706,51.9243,53.2401,1.2297,47.2545,27.9927,1,1,0
2489,81.0524,100.0,71.3601,66.8435,0.7951,81.6316,104.4051,3,7,4
1567,45.8924,60.683,88.1677,66.9322,2.4951,48.3401,55.8918,2,3,0
2853,30.8772,35.0349,0.0,51.2628,0.9554,32.6662,156.8543,3,8,1
3178,21.7178,26.3369,81.7762,32.2267,0.3428,44.5636,54.7729,1,3,0
3882,45.498,45.1276,48.4121,88.537,0.8373,34.3575,51.8483,1,1,0
2438,76.7545,79.9288,46.1514,32.8928,0.2897,45.0,114.2213,2,8,2
1059,74.2709,64.4425,92.1741,58.3992,0.0,85.4904,120.1537,3,3,4
3882,23.4021,69.2137,7.5232,63.9771,2.227,34.3322,196.4385,1,4,1
1505,33.7816,46.4236,44.066,186.1173,37.2141,43.9056,66.2097,1,7,3
2200,13.2746,38.2021,10.9607,51.4586,2.8836,42.5592,113.3985,1,4,1
1780,46.7081,41.456,11.7604,70.5931,2.5982,52.3039,124.3615,2,5,1
3742,41.4076,58.2872,72.8327,216.8807,10.0,36.7783,79.1589,1,6,3
2110,78.5823,100.0,87.4805,63.8173,1.9439,73.3327,99.8182,3,8,2
1245,43.4664,75.0,56.8234,249.0524,11.6195,30.2253,123.6384,2,8,3
1417,34.2739,37.1802,83.9376,62.5362,0.4713,37.8207,36.5513,1,3,0
2425,1.6005,50.72,87.1206,262.5755,28.4368,50.9489,6.3445,1,5,3
2306,38.4706,58.9242,52.3041,289.5204,20.1417,41.3943,18.4972,2,9,3
3232,37.2271,38.3902,71.3335,7.3078,0.0,32.1969,59.8482,1,1,0
2283,97.766,83.7591,48.1097,98.5006,0.8838,74.5013,27.3673,3,14,2
1120,97.2639,77.9632,73.1402,59.8672,0.5516,72.4543,62.0523,3,14,2
2965,70.0,51.9794,81.273,268.6056,17.0829,29.6553,51.5737,2,9,3
2730,80.78,98.5323,10.0,79.249,0.971,83.7431,104.2077,2,9,4
2337,53.0037,51.6307,52.356,299.8709,14.7535,38.3079,32.4202,2,10,3
3303,48.0271,62.8252,18.3969,104.8125,0.6783,26.888,123.8179,1,6,1
3955,98.0931,35.6852,65.4358,58.3064,0.2964,74.4361,55.3972,3,9,4
3135,32.4122,58.8984,10.08,73.462,0.9158,45.1138,79.568,2,7,1
1862,37.6585,55.6673,11.5653,70.2421,1.2809,55.5705,156.1463,1,4,1
3788,41.9541,31.1872,66.3568,82.7016,0.0,63.3741,44.0351,1,2,0
3409,47.6534,61.5462,35.4128,205.8386,30.6098,34.6209,10.6323,1,11,3
3835,35.1108,28.2842,25.0,48.9128,2.3216,49.0843,65.5277,1,5,1
3883,77.4768,68.6116,10.0,37.1884,1.0433,71.6985,80.9538,3,3,4
2166,74.7379,72.0554,68.8654,37.564,1.3947,57.2556,73.0603,3,12,2
1391,96.288,58.499,50.448,71.4953,0.0,75.3252,31.8653,3,5,4
2533,59.5286,35.0,60.1724,120.8734,1.3841,68.99,70.1313,3,4,4
1893,81.9534,56.6114,19.1968,144.5337,1.0876,83.6892,56.6621,3,5,4
3805,26.7087,42.5486,100.0,184.9513,19.8114,39.1847,122.2489,2,7,3
2794,95.8361,75.0337,42.4157,88.7281,0.6973,62.1519,95.548,3,8,2
2625,76.537,82.2698,28.0335,74.3309,0.1841,84.6784,97.6625,3,9,4
2939,44.9961,46.7752,83.2769,87.1147,0.2283,40.1779,67.6621,2,3,0
2272,72.0038,50.5408,34.8975,76.0212,0.0,83.4628,157.0635,3,5,4
3113,49.3839,50.8155,77.4555,95.6332,1.1097,31.9295,29.3919,1,3,0
2255,79.1718,86.4644,43.7602,103.6454,0.6975,90.3785,88.1515,2,4,4
3315,29.132,63.6321,8.164,60.267,0.1274,29.7418,83.6004,3,8,1
2330,38.4732,59.6245,10.0073,5.6556,1.4171,33.1738,62.4916,3,6,1
3946,83.0154,67.0014,46.3896,89.0549,1.2458,55.4196,95.1994,2,7,2
1768,70.9385,71.4902,37.6714,77.9364,0.0,82.338,46.955,3,6,4
2480,97.3539,83.5013,37.5107,19.7919,0.36,82.6498,32.4025,3,4,4
1867,41.6182,51.9505,89.8443,113.0286,1.7036,43.8069,59.8223,2,3,0
3920,42.0868,59.6545,0.8704,27.4265,1.5553,44.4481,60.0,1,8,1
3169,97.2183,71.2048,38.7704,71.3161,0.7802,73.6865,88.1703,3,11,2
1274,61.8288,62.0737,39.974,8.3665,2.4094,81.1159,147.051,3,5,4
1537,24.4418,55.672,2.3958,103.4963,0.0,41.1989,106.4162,2,4,1
2716,70.0,48.7206,59.6428,324.6284,15.3018,42.4971,77.718,1,4,3
2996,44.3629,41.4918,17.5014,99.7858,0.5659,35.0711,125.2228,2,8,1
3710,78.1375,49.2738,78.7524,94.6879,0.0,95.7818,96.2847,3,9,4
3470,80.6059,73.8789,64.7478,47.8177,2.0181,76.6394,109.3121,3,9,2
3260,24.2065,75.0,79.4808,47.1985,0.359,46.1277,120.0,2,1,0
2007,34.9881,48.2585,79.698,75.6419,0.0,37.6132,62.1013,2,0,0
1564,38.3297,42.8201,64.2328,318.4174,21.5466,50.1432,76.189,1,6,3
3769,14.937,75.0,59.792,150.0,23.296,25.0,87.766,1,11,3
1205,76.5061,85.4163,63.5594,76.0099,0.8559,72.4521,42.6813,2,9,4
3997,100.0,78.4672,43.2387,48.6852,0.5961,54.4725,73.4447,2,8,2
1366,30.0161,45.1852,21.54,50.6245,2.0635,31.5016,162.3083,1,6,1
1006,45.67,50.3025,80.2707,165.4185,20.2041,37.7977,84.2344,1,4,3
3688,21.5587,32.1333,16.9585,60.8586,0.3976,48.737,129.8838,3,7,1
1730,57.2139,65.0946,59.7923,202.7273,25.8225,39.1831,121.0346,1,9,3
1516,88.7769,82.3498,56.7992,83.6569,2.9964,65.9008,22.3628,3,14,2
3288,37.3072,26.2453,94.1609,73.6331,2.2269,35.4253,96.4618,1,2,0
3841,96.2001,80.2612,73.6288,50.1123,1.2987,78.3932,38.6235,3,8,2
3220,49.9557,47.5827,64.9217,246.2316,19.6825,39.925,90.4214,2,9,3
1795,84.2096,82.6218,58.646,61.5526,0.8453,67.6286,53.7821,2,8,2
1388,48.7117,45.9287,90.4263,66.924,1.4127,52.4803,38.8816,2,2,0
3174,55.566,30.6618,2.7864,89.0589,1.4143,39.5034,88.6094,1,3,1
2926,76.7076,66.3047,38.8194,98.9926,0.1737,68.3143,47.7214,3,7,4
2998,23.3138,41.6855,50.1429,61.3438,0.9069,25.1204,59.5866,2,0,0
3169,70.0,61.1345,0.0,75.3477,0.2255,55.3446,115.7813,1,6,1
1349,8.9147,24.0899,30.3296,228.5119,24.7544,36.2329,61.4807,1,6,3
1515,16.2036,10.0,91.1704,222.8333,10.0,34.756,84.3622,2,10,3
3367,11.5733,13.999,71.7024,157.353,11.1763,50.9074,96.3153,2,8,3
3652,38.9803,16.378,73.0803,54.0391,0.4574,48.2796,68.2116,1,0,0
3611,36.9878,39.8035,12.1021,28.5467,1.8773,46.189,66.0027,1,6,1
2760,88.7113,39.8889,48.7974,68.9857,1.9689,81.9508,63.8967,3,6,4
2501,79.0976,71.9955,60.6808,54.1445,1.3658,89.4531,129.5091,3,7,4
2990,69.9594,24.3542,90.1933,44.6479,0.1423,58.2587,61.53,2,2,0
3388,28.4967,29.2653,98.9797,222.334,25.9702,52.2653,101.5613,1,10,3
1376,88.1602,83.4288,54.5515,86.9422,1.2073,87.3455,70.6239,3,3,4
2390,82.579,87.9767,29.6508,93.1221,1.4435,68.9605,40.9218,3,12,2
1006,100.0,65.2414,58.6981,3.4128,0.6237,90.2675,75.3907,3,8,4
3883,10.9659,58.1525,4.496,32.189,1.3767,55.1662,164.1613,1,4,1
2898,68.3848,60.6962,45.0038,120.356,0.0,86.1413,74.156,2,8,4
2291,0.0,58.4073,0.0,56.7283,1.7153,34.5224,97.3075,1,5,1
3357,35.0277,53.1389,89.5431,41.3844,0.0033,49.8287,33.0143,1,1,0
2964,88.7918,78.1845,32.4315,88.0206,1.2228,58.2862,49.2309,3,12,2
1672,66.1365,42.1761,67.037,258.9477,20.7199,38.8494,37.8172,1,10,3
2249,89.0521,77.1076,58.7007,42.5791,0.4806,77.6632,15.9109,3,11,2
2900,49.002,23.4339,30.7782,179.9429,13.7296,36.8823,16.4778,2,6,3
3380,71.4163,54.3747,25.6697,15.5576,0.8692,68.0,42.853,2,7,4
3400,86.3235,77.0358,27.2687,40.3639,2.6673,81.3793,107.7871,3,3,4
3416,91.1691,78.0855,35.4608,54.0505,0.9728,50.5931,68.0938,3,14,2
1680,91.1087,53.978,53.0078,75.501,0.0,78.9195,133.2287,3,5,4
1292,84.7977,89.7007,61.1106,54.6179,1.1283,55.9908,100.157,3,7,2
3096,36.4472,40.3238,66.6958,62.3648,1.6193,37.336,68.8248,1,2,0
3515,43.5317,54.1945,76.5233,88.0774,0.6776,35.6027,28.1728,2,0,0
2381,89.9174,83.5386,59.6924,84.699,0.0,72.7488,97.0065,3,11,2
3880,86.5159,86.5318,57.6797,51.6911,0.0,66.0882,16.3694,3,8,2
1415,32.844,57.6513,82.4031,266.0632,32.1876,35.2995,54.8719,2,9,3
1149,94.8155,83.7015,42.5936,78.2858,1.1143,59.5502,101.3185,3,11,2
2767,30.6858,40.9164,66.217,284.2853,17.3354,29.5001,81.0897,1,6,3
3325,34.6297,39.5334,88.9808,65.8575,0.407,45.0021,21.0578,1,2,0
1431,16.5136,42.5259,64.2523,47.7115,0.0,45.77,18.4165,2,2,0
2405,49.4801,59.4702,19.0362,72.7128,1.3762,45.6333,99.6327,2,6,1
1387,36.2002,48.9445,72.8242,154.051,23.4983,52.974,70.5675,2,5,3
2954,58.5987,66.9435,30.2193,46.0389,1.5388,92.2856,137.182,3,4,4
1424,100.0,74.5307,32.9288,56.9833,0.0,65.3944,57.5424,2,14,2
1770,49.5273,53.2311,85.1482,38.4204,0.6957,42.4147,120.0,2,1,0
3497,62.5934,61.0804,47.5897,379.7565,13.574,30.4904,133.2717,1,10,3
1034,35.7744,66.9933,54.0795,273.4166,30.8032,38.3176,42.5111,2,8,3
3455,27.439,49.7407,72.6984,40.7911,0.7391,41.0773,60.8544,1,3,0
3654,72.6732,65.4694,73.2131,87.1539,2.3189,81.5523,88.259,3,6,4
1610,15.971,51.8382,65.3779,266.0982,35.8928,30.6418,53.5789,1,8,3
2315,88.2636,55.6172,37.5122,64.528,0.8804,81.7352,99.5033,3,3,4
3410,88.5831,85.8845,55.1994,74.1206,0.7297,58.0154,46.4771,2,12,2
1291,28.6971,45.0201,97.6492,63.752,0.925,40.3076,60.8359,2,2,0
2317,37.1948,32.5704,68.1821,189.6828,27.4462,48.1738,64.6033,2,7,3
2601,84.3467,67.5581,15.0,89.6158,2.6318,56.6056,94.4279,3,14,2
1897,78.0607,62.4506,41.5292,77.7184,1.2657,73.8933,47.0182,3,7,4
1092,18.2781,27.7619,65.2292,32.4835,1.3224,47.8057,81.8456,2,1,0
2564,31.4358,52.1629,63.2742,38.8314,0.0,48.6054,48.0142,2,2,0
2383,38.5227,41.3136,65.4142,40.4205,0.0,36.6795,47.4318,1,2,0
3317,65.8631,61.743,33.7763,70.6799,2.8923,94.8344,15.2283,3,6,4
1683,80.8732,76.5108,14.5414,60.6542,0.0,69.1782,87.5453,3,5,4
3659,44.9482,55.191,3.6297,13.8393,0.0,52.9794,130.0263,2,5,1
3779,34.9322,39.8449,59.14,322.9089,26.6698,35.6552,118.408,1,11,3
1533,92.1634,80.6534,64.1798,112.887,2.5655,45.0,36.1766,3,10,2
1394,76.9977,88.7404,64.7073,102.2173,1.2213,74.2799,60.7244,2,14,2
1660,84.3527,67.1869,51.5732,103.1546,1.4517,68.1198,95.0773,2,14,2
2068,29.9137,43.1852,97.6656,150.0,10.0,33.7778,1.0,2,10,3
1061,88.241,88.9289,45.9559,76.3536,0.0,68.6524,9.143,3,12,2
3319,48.8686,30.55,3.6236,76.7925,0.7405,48.4883,93.7127,3,6,1
2456,93.6429,47.0281,81.7257,97.6333,1.7695,87.8949,61.2527,3,3,4
2776,16.2761,50.7433,80.2679,50.8906,0.3666,46.3144,48.3364,1,3,0
2262,85.6231,80.2565,44.442,65.3809,1.2925,64.7455,33.7996,3,12,2
3722,62.6867,38.7588,98.4781,245.1439,19.1398,36.4747,70.9995,1,11,3
3704,58.0756,61.9128,57.6859,94.1156,0.0,99.0656,81.1326,2,7,4
2696,30.0572,23.0408,78.3548,281.1151,34.4293,49.3011,90.2083,1,8,3
2609,55.5002,50.9698,13.929,42.3782,0.8084,29.0084,174.2616,1,4,1
1837,80.1617,73.3706,44.0159,33.8994,0.0,64.3026,52.1099,3,12,2
1285,78.1616,78.6229,89.6101,71.2956,0.0,69.6532,76.7525,2,9,2
3943,80.7866,72.7983,63.8149,47.7029,0.0,92.0162,120.7389,3,5,4
1287,83.7102,54.2738,25.3519,26.0767,0.0,89.5588,135.6025,2,5,4
3424,91.4541,79.2259,37.1717,41.4284,2.2824,67.0464,54.4428,3,8,2
1214,71.6254,42.2241,42.0965,53.844,1.0981,79.2689,113.8487,3,8,4
2938,71.1547,75.0,66.2156,1.0,0.6947,47.7698,33.752,1,0,0
2820,8.9912,25.7897,11.1368,73.4568,0.7344,45.8596,136.3887,1,8,1
3484,37.6444,63.7816,9.4338,51.4885,0.3284,33.3541,60.0,2,3,1
1109,100.0,69.255,15.0,67.7555,1.2485,60.4096,64.5922,2,10,2
2529,59.7177,37.4585,61.6324,299.2331,13.1034,35.0279,70.227,1,8,3
1114,27.3977,28.2992,80.5581,53.5324,0.7211,41.2329,90.0914,1,2,0
3146,7.7186,50.3193,23.6884,72.4712,0.761,55.2642,99.2865,2,7,1
1543,84.0181,57.1359,75.8766,53.5308,0.0,69.8204,10.0,3,5,4
3550,38.5786,42.167,9.7106,69.068,0.0,40.1608,112.5291,2,8,1
2440,44.9324,33.9744,57.3798,274.495,15.2947,59.3119,38.9137,2,8,3
3976,13.37,60.8204,54.461,346.4224,14.3875,58.8285,42.4073,2,11,3
1671,88.398,73.4905,40.3613,41.5056,0.0,55.1072,125.4816,3,14,2
1105,93.65,64.4488,76.3365,27.7347,0.586,73.8984,58.5025,3,8,2
1879,49.7589,52.8676,95.2782,37.4827,0.3962,41.424,9.6182,1,3,0
3555,84.2402,61.6028,51.6693,116.2772,0.0,80.6345,87.2643,2,6,4
2136,39.3886,70.2272,86.3939,79.9136,0.8755,32.4929,72.5127,2,0,0
2502,88.071,86.13,62.7697,55.4897,3.2566,72.1704,115.7158,2,10,2
2908,41.3857,34.1841,20.4988,58.0018,0.0,41.4526,125.2971,1,4,1
1031,81.9033,93.1322,73.0255,85.4324,0.3816,57.9418,111.6767,3,8,2
2717,55.0,68.9834,46.8028,70.882,0.6924,81.6057,83.411,3,7,4
3812,61.6255,56.1013,68.9743,216.0266,26.0957,50.6135,87.0298,1,10,3
3453,11.2212,29.9478,8.9804,97.2476,0.0,44.8796,149.3576,2,7,1
2395,61.706,80.6669,24.4433,57.357,0.0159,79.6528,101.5996,3,5,4
2789,39.1663,52.3465,68.8606,245.3664,10.0,37.4241,47.5425,2,6,3
2034,83.3004,84.9514,44.4449,51.7493,0.7651,61.4521,70.1276,2,8,2
3685,95.7218,90.8522,60.76,57.863,0.6004,57.6468,54.4953,3,13,2
2237,45.4518,51.2621,93.9353,57.8324,2.3397,31.2997,26.4297,1,3,0
3388,22.4199,41.516,39.9796,70.5572,1.973,36.6092,6.9733,1,1,0
3121,81.0192,61.5377,42.0384,61.4092,2.6433,53.4552,27.5601,3,12,2
1381,50.0305,45.7733,7.9758,68.004,1.1286,48.838,224.0866,1,7,1
1326,19.9952,31.0322,28.1722,195.3598,25.6957,45.8462,30.3922,1,5,3
3146,43.4079,27.3004,4.4117,11.9091,0.7777,41.5561,86.6939,2,3,1
1534,22.2258,51.6382,68.1906,45.3487,1.6921,36.4142,1.0,1,3,0
2380,90.2419,59.0679,15.0,81.5741,2.553,62.1326,68.5666,3,13,2
2312,70.0,22.5065,58.5021,241.5073,18.8715,26.5864,56.0057,1,4,3
3595,68.6354,78.4202,38.4664,107.8365,0.0,82.3028,26.8586,3,4,4
1708,34.9767,44.7366,73.4612,32.8847,0.0,43.5939,62.0732,1,1,0
3872,37.8463,40.2625,2.9611,61.2692,0.0,54.4725,128.6595,2,8,1
1459,44.9041,42.947,61.013,242.3637,26.4642,53.893,53.1574,2,9,3
1211,77.1881,64.4101,55.4538,76.1137,0.0,71.7779,118.1981,2,4,4
2852,28.8034,29.7876,5.3689,48.0331,1.2084,40.4075,89.9346,2,7,1
2067,96.3359,72.4542,60.5144,56.944,1.3645,83.9366,34.3181,3,5,4
3142,22.59,53.0107,69.4697,179.7301,19.6455,52.9279,102.9575,1,10,3
3370,29.3673,42.0442,59.8506,173.7948,15.6635,56.1252,11.8743,2,6,3
2974,34.8306,63.5876,0.0,31.6951,1.1989,39.3983,84.2917,2,8,1
2327,35.2049,28.4439,76.5296,76.8029,0.0,41.3938,71.5728,2,1,0
3310,37.9927,15.9455,98.7798,44.932,0.356,34.9875,37.7548,2,2,0
2724,31.8476,55.5108,100.0,47.6695,0.5329,55.1849,73.2726,2,0,0
1554,32.5944,40.7053,13.2188,97.976,0.4477,56.4086,88.8066,2,3,1
1310,27.8773,59.6564,61.7273,261.3334,16.9489,43.2213,103.2397,2,5,3
1518,69.1273,60.6914,58.8176,95.7533,0.0,95.2011,122.5261,3,5,4
2906,88.8342,50.8587,28.9555,69.5849,1.0518,68.123,102.5226,3,7,4
2108,89.0449,78.4261,44.0245,88.0353,0.3439,75.1045,124.5506,3,7,2
1335,78.6269,75.9936,49.8783,75.3428,1.5735,77.4629,80.4733,3,8,4
3376,21.5727,56.9869,71.3652,247.6445,18.3203,45.6309,90.4137,2,10,3
2560,88.303,73.135,55.8513,69.5607,0.5973,60.8468,89.6032,3,13,2
3266,77.8844,77.2364,39.8444,74.4577,2.2391,59.8381,54.7445,3,8,2
3541,66.7448,59.8838,48.9726,99.8966,0.7862,88.8981,118.5967,3,4,4
3962,84.8902,89.9936,37.5449,28.4118,2.6561,76.354,59.4894,3,13,2
2866,16.9397,44.3559,20.3616,66.3092,1.0006,51.5828,144.757,2,3,1
2058,76.6199,62.8731,68.8425,76.5346,0.3162,69.9842,20.6599,3,8,4
1666,29.3542,24.9645,65.7144,208.1343,25.915,38.4754,11.8818,1,9,3
3190,71.3655,68.6572,60.3201,113.4574,0.0,76.1164,73.9533,2,9,4
2131,34.6798,48.9814,5.9796,54.6728,0.0592,51.5404,153.9116,3,6,1
2594,51.9971,23.0376,69.3878,198.5921,18.2377,39.099,84.3081,1,6,3
2049,84.8654,86.1463,81.8011,117.3046,0.4708,64.4681,25.3124,3,9,2
1820,100.0,60.1688,36.2995,62.8265,0.7552,62.522,22.8942,3,11,2
2057,36.1156,71.3393,53.3908,170.286,23.0509,25.0,64.9198,1,10,3
2298,17.6493,62.3902,57.0595,218.5832,21.4478,46.1956,49.6699,1,6,3
4000,97.0403,80.3363,94.6939,62.6396,2.1091,53.0206,84.6499,3,14,2
1880,33.9414,68.1237,61.4244,241.3279,22.1739,34.2894,42.3881,1,4,3
3154,96.2748,72.0262,44.3213,94.7011,0.0,70.629,10.6472,3,3,4
3727,77.905,71.8874,75.2705,93.4842,1.528,85.8688,70.0944,3,5,4
1616,85.4081,73.2644,15.0,49.4955,0.2701,49.2041,7.8934,2,10,2
2067,23.668,38.6034,100.0,188.2644,27.7231,57.407,28.4467,1,7,3
1660,17.5803,66.1675,25.0,40.566,0.7155,52.4342,194.3853,2,7,1
2489,7.1227,17.4645,6.9354,76.3265,1.4493,37.0542,60.0,2,5,1
2435,92.7979,60.4431,71.092,77.885,1.5908,82.15,122.0757,3,7,4
2135,84.5663,67.1782,68.5381,73.1264,2.321,56.5783,9.2041,3,13,2
2122,47.951,46.9615,95.6665,54.6213,0.9587,27.1341,30.5119,1,2,0
3749,50.7159,44.8404,82.3164,77.1009,0.0,44.472,49.1317,1,0,0
2636,37.2845,24.4234,19.8277,1.0,1.0525,32.0116,161.8946,2,5,1
3332,21.7756,75.0,9.0385,119.0485,0.3887,45.6256,87.0345,1,4,1
3182,47.1205,48.0416,59.5385,33.061,1.2845,53.2278,36.1507,1,0,0
2131,62.0724,38.8742,62.6619,63.2968,0.4493,38.042,1.0,1,0,0
3626,33.7696,58.9626,100.0,14.9286,0.1103,44.9786,38.9996,1,0,0
2934,51.263,36.4283,69.1742,61.6918,0.6437,48.2306,69.975,2,0,0
2499,25.5881,33.6481,36.4576,270.9794,21.3588,41.1362,27.2049,1,11,3
2595,46.4616,27.8818,6.0942,54.0879,0.7038,54.8108,155.7434,2,3,1
1401,100.0,88.3694,63.4428,50.3226,1.6203,72.3243,89.281,3,12,2
3979,51.2568,64.1167,78.3034,52.3893,0.7249,57.729,8.3143,2,2,0
3460,60.0428,33.5704,51.798,72.6111,0.0,44.7171,62.2981,1,2,0
1621,90.5174,57.8757,48.252,113.4543,0.2552,79.1068,99.4381,3,7,4
3485,49.1314,57.9895,94.7455,91.4779,1.6137,28.9757,94.4136,1,1,0
3062,61.7739,65.551,38.3809,65.9304,0.0,85.4491,87.5829,2,6,4
1669,66.9979,59.6908,88.6298,83.3399,0.2812,85.3511,35.0092,2,6,4
3025,29.0445,46.6794,1.5748,70.4969,0.2654,41.3518,171.9592,1,7,1
3228,55.1907,57.4655,72.6038,55.6782,0.595,45.1611,17.2234,1,3,0
1595,36.9226,61.5702,72.4414,72.0257,0.9447,47.0017,59.3814,1,3,0
3856,26.7131,75.0,60.7085,172.0049,19.696,46.6545,135.8029,1,11,3
1028,90.1665,66.7428,90.98,53.1348,1.5116,79.8277,95.7689,3,9,2
2074,44.7474,29.8816,88.8757,24.8271,1.6488,39.3901,19.208,1,2,0
3535,40.5765,27.7048,9.212,111.5623,1.6738,44.1261,63.2626,1,8,1
1163,81.6266,72.9998,58.345,63.7139,1.601,84.1533,58.1029,3,5,4
3384,71.9387,46.9659,69.8396,25.5213,1.6576,45.881,52.58,1,1,0
3882,65.8639,48.6315,57.3907,87.4631,2.3484,83.1617,37.0158,3,9,4
2432,55.9578,64.7852,86.828,28.0478,0.0,25.0,1.0,1,0,0
2689,84.9075,61.5029,59.914,72.5302,0.4943,82.1157,117.2008,3,8,4
1202,76.9674,82.0208,83.2082,83.4204,0.4784,89.5802,27.9072,2,3,4
2804,35.575,34.0737,47.6331,150.3523,10.0,48.3416,97.0604,2,5,3
3881,83.936,58.2887,39.5082,31.8855,0.0516,72.8303,97.2674,3,3,4
1124,79.2785,58.5518,27.8542,81.0363,0.0933,88.6115,26.2611,3,9,4
2176,65.6904,49.3928,60.9045,68.074,0.0,75.5148,134.489,2,8,4
1475,55.0,43.6294,68.9139,83.5527,1.69,77.9056,27.4724,3,3,4
2473,54.0356,73.1043,100.0,247.0879,23.6527,38.7472,61.7589,1,4,3
2040,34.4763,39.5725,67.1168,79.1717,0.0,51.195,67.7332,1,1,0
3189,51.2415,20.1736,73.179,104.458,0.073,39.1355,101.6849,2,1,0
1189,37.6122,55.3516,60.3802,35.755,0.6817,36.8075,1.0,1,2,0
2683,53.3203,53.8658,15.4158,64.0485,0.7872,52.0337,119.676,1,3,1
1344,41.0355,40.8958,18.3337,43.5971,1.3954,34.6172,151.7871,3,6,1
3339,57.6612,33.7237,73.0187,69.7614,0.4595,37.9506,90.5778,2,2,0
3342,30.7596,51.8174,73.9914,274.9195,10.0,36.4956,89.6963,1,9,3
1733,33.5675,27.7956,13.3682,76.1303,0.1664,25.0,68.4803,2,3,1
1563,37.0314,56.3723,17.2207,57.4522,1.1146,48.521,203.0295,1,7,1
1336,90.2522,91.8935,64.8288,73.9764,2.1273,53.712,53.4735,3,8,2
3686,80.1834,62.9118,55.222,61.5687,0.0,82.0499,136.9201,3,6,4
1157,27.1106,25.7605,51.3299,48.4468,1.5854,37.4663,75.8528,1,3,0
3953,55.959,44.6042,64.4734,268.0753,23.1686,37.4532,1.0,1,7,3
3519,26.8314,37.2173,14.3657,74.7156,0.2028,49.494,60.0,2,6,1
1680,88.5545,71.8987,70.4146,71.1764,0.7043,60.5777,3.8188,2,9,2
3010,57.2361,66.8641,26.9278,67.3877,0.9608,76.2103,93.4091,3,7,4
2564,52.2274,36.3057,14.9447,81.7555,1.8972,38.4108,135.8344,2,6,1
3437,39.0992,49.5645,41.5889,177.5049,17.1252,45.122,40.1027,1,9,3
1988,90.747,69.5265,81.2777,110.793,0.0038,45.1601,44.2887,3,12,2
2382,69.3784,57.3746,66.0116,80.972,1.8712,84.6966,81.1697,3,8,4
2844,84.342,83.7191,91.961,117.8592,0.8123,77.0123,109.5107,3,12,2
3559,97.9624,57.1534,27.9759,86.9522,0.5714,93.7932,86.0695,2,5,4
1658,24.122,43.3541,54.7975,75.8355,1.2113,34.5734,36.3465,1,0,0
1333,80.888,39.1096,54.9522,112.4748,0.6361,84.9189,52.9894,3,7,4
3220,33.8361,71.9634,67.2384,60.7762,0.4304,36.3036,21.6423,2,1,0
2133,32.1763,56.0134,14.3488,103.2599,0.0,53.7175,80.1282,2,3,1
3955,57.2188,38.7928,65.3616,312.0238,23.7802,34.0398,66.0889,2,6,3
2600,23.0278,62.551,14.6418,78.8516,0.2312,41.317,60.0,2,7,1
3164,79.1742,75.5948,49.6584,24.548,2.2766,74.9897,34.3837,3,11,2
1845,79.6345,79.9409,32.3887,38.7795,0.0,49.7283,84.1051,3,7,2
3844,52.8034,44.3529,6.1726,83.5482,0.9786,49.6904,134.38,2,7,1
3588,21.633,41.9563,55.7015,40.8196,1.6281,36.2141,51.2787,2,2,0
2684,13.661,58.8337,22.0277,38.1987,0.0,38.0758,60.0,1,4,1
3018,96.593,79.3843,49.5562,59.5257,3.6166,45.0,37.8932,3,13,2
1419,21.6712,70.3199,13.9648,80.5574,1.0868,41.0556,64.1243,1,8,1
2314,31.8984,35.1347,22.6115,72.7857,0.0427,48.0723,113.3709,2,7,1
3910,55.0578,61.9871,77.1768,259.6116,35.7747,47.5893,41.0093,1,7,3
2699,62.656,43.8648,50.5333,69.0928,0.3451,77.5414,81.989,3,5,4
2020,16.2222,42.5797,15.912,49.5216,0.58,45.4761,103.7908,1,8,1
2219,89.3282,73.8857,71.4508,73.0731,2.3859,53.7008,53.9074,3,9,2
2113,80.9506,63.9473,80.7623,37.1979,0.0,64.0469,36.8135,3,13,2
1123,42.9516,34.0607,88.9903,55.5785,1.2758,48.5995,76.8566,2,3,0
1244,27.6933,70.6713,20.1104,48.7126,0.7685,47.4783,160.3721,3,8,1
1990,50.1922,18.5727,2.8174,19.051,1.5124,42.2719,124.8188,3,7,1
1714,59.9344,43.4073,68.701,33.0604,0.9614,29.7098,56.5821,1,3,0
1151,53.6604,22.5087,57.097,238.9747,12.5991,52.6613,76.0696,2,11,3
3967,45.6884,15.1894,70.7879,226.0259,26.4004,48.7152,141.4348,2,9,3
1752,15.2236,56.2518,67.4885,67.72,2.4122,45.5851,19.9005,1,3,0
2339,60.1934,27.2549,81.5705,188.5342,30.0166,53.7815,1.0,1,11,3
1979,45.8489,59.977,7.7239,66.2235,0.5842,55.9036,112.1247,2,7,1
2896,39.3326,33.7698,0.0,45.8958,1.2259,45.1946,216.6057,1,6,1
2238,85.5878,100.0,53.7659,81.8646,0.5269,66.1578,93.5061,3,12,2
2136,48.4885,61.5179,0.0,38.969,1.8276,47.0865,155.5665,1,5,1
1762,34.3978,48.0384,50.1246,273.7477,25.1835,49.8252,76.5976,1,10,3
3677,44.7027,56.6665,79.0283,59.1676,0.0,52.1262,35.3594,1,0,0
3940,76.9104,95.507,48.0243,53.9625,1.2374,90.7062,135.733,3,9,4
1587,30.3186,48.3768,16.1835,86.1684,1.3623,40.1733,134.131,1,7,1
1712,40.4917,49.6443,100.0,40.0299,0.4795,42.4496,61.8946,1,3,0
1358,5.3484,58.0583,51.2034,78.1525,1.6837,33.4104,58.5032,2,0,0
1688,16.2989,47.8498,59.7784,191.3662,22.4007,47.4313,1.0,2,9,3
2151,29.5671,35.0741,17.274,78.3058,0.5857,43.4282,105.5325,2,7,1
3433,100.0,62.6079,35.9023,43.7685,0.3847,63.0943,33.4576,3,14,2
3557,72.4755,74.0275,67.1997,48.5334,1.837,83.2555,33.0827,3,6,4
1724,35.2476,50.4319,0.3111,96.2263,0.861,45.554,118.6758,2,7,1
3893,41.9974,46.0939,5.7528,54.8724,0.6483,59.0682,146.5448,1,5,1
2849,95.6066,53.8215,59.652,75.8166,0.1776,93.3747,102.5477,3,5,4
3249,46.6143,54.4698,49.3983,200.5363,10.0,53.4705,78.4646,1,5,3
1651,82.2818,47.9258,27.1131,37.4272,1.5891,86.2434,73.4973,3,7,4
2446,95.3172,72.0374,57.6632,62.0609,0.5828,53.1709,15.7613,3,8,2
1611,81.6786,67.8723,46.6758,53.6905,2.5622,83.187,91.5375,3,8,4
1410,77.4527,77.1843,65.9463,40.0968,4.1517,74.201,117.8437,3,12,2
1763,85.8943,70.7238,29.4479,76.8833,1.0677,79.4595,10.0,2,3,4
3071,46.7378,54.9322,16.0765,46.347,1.5245,47.9463,113.2372,2,4,1
2329,33.1199,44.0962,61.5568,79.7342,0.0,58.5112,62.4584,1,0,0
1149,100.0,75.5133,62.3468,65.3636,1.578,50.1007,87.5898,3,7,2
3471,90.8888,67.2237,81.1081,97.2573,0.737,59.8563,76.4594,2,11,2
3826,68.2681,28.7147,34.3376,219.9318,29.5444,29.6431,35.1211,2,11,3
1654,74.4305,39.2081,60.3375,104.2816,1.3928,80.4128,54.6419,2,3,4
3468,44.7212,62.9265,78.1494,287.0155,13.0312,40.9423,43.6055,2,4,3
3987,89.7386,65.8436,73.9912,89.114,1.519,56.3628,44.9281,3,10,2
2470,27.4681,44.2842,14.1255,59.8764,0.0,46.094,77.8653,1,4,1
2046,31.6013,19.1772,65.559,197.9421,21.3569,36.5136,37.1425,2,9,3
1132,57.3297,59.1043,58.046,67.9774,2.4666,33.3683,52.043,2,1,0
3997,55.0414,49.6718,59.2176,63.9824,0.0,45.7306,28.0398,1,3,0
1414,75.1673,86.9868,45.7508,50.0044,3.4436,60.059,27.9849,3,13,2
2388,32.6323,53.9527,96.0506,268.1175,13.6607,47.4424,46.0337,1,5,3
2161,99.6163,68.7886,30.1369,66.3195,1.5661,86.18,55.7905,3,3,4
2093,62.5687,51.591,32.6123,37.479,0.5294,81.0681,129.1707,2,7,4
2624,75.7074,75.6252,61.141,54.2357,2.1653,60.5362,73.3242,3,11,2
2202,50.5862,61.1159,62.1578,247.1953,31.7855,25.0,85.4293,1,6,3
3509,72.267,91.4313,41.7017,127.1994,2.0839,73.1497,111.1811,2,11,2
2861,60.0412,55.4973,62.5802,71.7448,0.0,82.3952,200.0,3,8,4
2219,32.189,70.7157,0.0,29.9482,0.71,49.6403,119.2569,1,8,1
2080,13.5996,66.292,0.9495,70.9915,0.9984,48.2065,138.595,1,6,1
2522,56.5041,44.6876,76.849,221.8117,20.3274,29.3325,29.8392,1,8,3
1996,63.6003,16.6208,69.1386,61.4124,0.3083,26.6655,11.6387,1,1,0
1413,0.4372,63.0039,75.8643,162.7755,19.3101,40.1457,50.4286,2,5,3
2834,52.2626,25.2504,6.3616,67.7846,0.0,49.2919,158.6586,2,3,1
3466,59.4884,41.3241,40.734,86.7826,0.6991,37.8221,23.2541,2,2,0
3657,79.5289,82.2435,43.0717,40.6099,2.7952,58.0421,121.7484,2,11,2
2863,23.1864,48.5642,86.9298,252.5687,22.8354,48.2954,70.0416,1,4,3
1600,46.6911,65.3883,84.4368,52.3326,1.0119,47.5089,9.683,2,1,0
1775,34.9145,53.3782,90.4935,63.6831,0.787,43.0544,67.9084,2,0,0
1077,48.019,47.0823,73.5514,279.5425,16.0181,44.7447,44.583,1,9,3
3674,79.3979,67.6687,65.6755,50.9975,2.7652,62.3893,75.7241,3,10,2
1439,80.9943,79.879,49.5537,56.1683,0.7888,73.6103,81.6972,3,4,4
1383,57.0011,34.4335,94.6728,223.3609,19.14,38.5535,1.0,2,7,3
3895,49.7507,52.7065,50.7268,213.9624,12.1787,41.2351,10.1093,1,5,3
2296,70.0,81.1883,66.6065,70.7145,0.0,47.6578,56.7928,3,11,2
2361,20.6181,40.9261,80.4226,192.0599,15.5249,38.8359,52.2869,1,8,3
1697,39.2289,53.4023,82.3812,265.1464,24.2643,44.0269,73.9494,2,4,3
2937,34.22,53.8681,66.1026,325.4584,22.6489,54.26,31.4164,1,5,3
2494,32.9748,42.1068,32.3223,151.9785,29.456,51.1661,124.8169,2,6,3
1064,69.8966,59.4385,31.1065,88.3433,1.6228,80.5526,74.6308,2,4,4
3845,43.6447,59.8211,53.0456,310.7211,15.7486,43.1251,4.0135,2,6,3
3171,42.6477,60.7401,55.4402,79.6172,1.2635,46.963,2.045,1,0,0
3996,47.1123,28.905,8.1224,25.9601,0.0,44.6783,114.2326,1,4,1
2783,26.2082,34.2919,66.3758,44.5952,0.7622,29.4312,67.0151,1,2,0
1485,31.3047,59.4484,65.8006,263.7487,11.5669,31.5835,45.0632,2,7,3
2622,27.3149,36.4945,26.1311,164.8029,12.7728,38.5246,39.5442,2,4,3
3267,64.3774,78.9517,78.0105,115.3709,0.0,75.8521,47.664,3,7,4
2117,90.0895,45.1122,31.6634,51.2144,0.0,82.3158,63.0063,3,8,4
1467,61.4982,42.7313,56.6188,60.3339,1.215,49.1148,75.8185,1,3,0
3869,18.5909,45.2538,63.6427,231.9626,22.5728,51.9666,1.0,1,4,3
2278,96.5345,74.915,56.9802,32.4849,0.0,45.0,65.4752,3,13,2
3398,36.9121,36.5358,75.0688,161.7078,17.87,56.6148,8.9962,1,8,3
1054,96.993,71.7288,62.0325,82.6908,0.849,62.1021,33.0663,3,10,2
2325,68.5243,57.2528,55.926,76.0015,0.1065,79.015,47.193,2,7,4
1682,99.8263,59.332,39.958,83.7985,1.7593,63.4818,4.5203,3,10,2
1817,0.0,60.8106,16.3634,75.9927,0.2138,56.7301,104.6842,2,7,1
3985,57.7978,84.8194,47.6157,71.7937,0.5239,68.3056,64.3173,3,8,4
1758,72.26,77.3749,75.5968,55.7254,1.741,92.7101,112.64,3,9,4
1815,48.4191,35.4793,64.9056,242.7121,20.2138,25.0,108.8412,1,8,3
1110,46.9047,36.2022,57.0168,316.1523,29.37,29.4916,69.5075,1,5,3
2124,44.0701,58.3083,61.4965,262.7822,19.1922,47.2182,40.7512,2,7,3
1604,36.0124,50.1031,92.3718,52.6413,0.587,32.019,40.7742,1,1,0
1449,34.4382,41.8376,0.0,93.6686,2.536,48.4493,168.1119,2,5,1
2339,39.7592,49.2856,65.5858,227.735,23.3634,50.7807,72.5699,1,10,3
2116,59.125,38.1547,100.0,224.6068,28.0762,36.4813,150.0,2,6,3
3494,12.436,36.8145,96.3988,226.9577,22.4697,58.8585,106.3482,2,5,3
1605,25.0413,30.5454,62.0787,71.3255,0.0,36.7481,45.0305,1,3,0
3051,86.2751,75.3316,43.3637,77.9657,1.2208,56.3257,52.6921,3,7,2
3824,34.0713,46.3822,32.9482,200.1387,10.0,55.6001,30.7972,1,10,3
2289,28.9506,66.7813,1.9759,64.6055,0.322,28.7768,95.0775,2,4,1
2188,22.3134,10.0,1.3585,31.3368,1.5641,57.1162,115.3915,1,6,1
2354,63.9646,49.1513,49.1217,44.4031,1.7132,88.3625,49.8271,2,9,4
1361,30.1835,52.0561,36.2137,160.0879,19.6754,53.2109,105.7332,2,8,3
1734,65.4495,96.4611,68.8861,98.6699,0.747,93.9669,21.173,3,9,4
2049,90.4526,76.6335,37.3962,41.2833,2.527,54.4186,57.4918,3,7,2
1734,46.2702,23.8429,81.8632,220.4056,11.9454,37.9501,61.5039,2,6,3
2777,53.4833,45.3264,48.5475,177.6543,15.4077,25.2638,74.8965,2,5,3
3557,55.9897,39.4242,85.739,38.2196,0.0,56.2138,28.1923,1,2,0
2826,97.9699,65.8222,37.2881,106.0385,0.0,95.0191,134.124,3,4,4
3937,29.1514,64.4,87.3801,304.0894,24.1147,45.5144,64.9103,1,4,3
2414,37.0464,22.0689,66.7594,224.1642,10.0,37.7117,8.1544,1,7,3
3526,77.5982,90.1478,15.0,84.3035,1.424,65.1814,57.251,3,11,2
2751,20.3715,69.6427,4.9674,78.8767,0.0,49.7196,103.3957,1,3,1
2583,35.9866,42.426,15.2109,34.1094,0.9398,37.9764,108.2359,3,6,1
2164,75.0878,75.0737,28.132,68.4172,0.0,50.3303,122.435,3,7,2
3502,93.0549,88.8284,56.6578,116.7208,0.0,66.0923,43.9627,3,14,2
1559,35.636,41.2203,52.7009,150.0,10.0,45.9324,89.7237,2,10,3
3784,82.4614,55.4701,52.5612,72.5846,2.3279,88.6491,100.0977,2,5,4
3280,100.0,95.1643,47.1695,91.8809,0.4907,57.1072,52.0378,3,11,2
2995,85.4139,75.2486,31.3283,99.2261,2.2342,94.1858,89.4774,2,4,4
3396,81.0827,68.6158,83.1273,95.8789,0.2203,80.368,153.2502,3,9,4
2491,29.2029,49.3508,0.0,76.5056,0.2372,56.0188,172.3922,2,8,1
3686,44.0715,41.2142,66.0969,225.8091,30.447,38.8239,28.9558,1,10,3
3875,81.7245,89.8737,51.6103,45.1402,0.5185,85.3982,98.853,3,8,4
2893,56.5589,36.612,16.5897,18.8032,0.8997,40.415,64.5869,2,5,1
1593,100.0,66.201,44.4916,69.857,1.2088,67.3947,47.2945,3,12,2
1594,78.1356,63.5618,58.1582,63.9058,2.3359,65.4177,50.6547,3,9,2
3398,40.7434,69.68,6.595,69.5216,2.2135,41.388,91.4141,2,6,1
3772,41.0407,24.3403,68.4533,85.8447,0.0,53.6944,67.1629,1,2,0
2383,54.3006,44.864,46.9598,151.7557,21.7956,48.2442,72.1722,2,10,3
1170,58.7946,63.7645,49.9245,199.61,18.913,49.2857,19.5842,1,9,3
3381,91.6495,62.0768,89.3084,48.2728,0.0,60.3241,67.576,3,9,2
3959,45.7743,36.6571,91.9295,57.7847,0.8516,37.0429,63.3842,1,1,0
3901,18.6401,36.601,0.7246,51.1207,1.8822,37.9719,99.5963,2,7,1
1569,19.1135,60.0341,69.8334,180.4088,10.0,43.8563,137.7734,1,9,3
3741,98.2621,72.3109,58.0095,73.1413,2.4636,67.7311,55.8196,3,13,2
1424,47.9846,38.8254,82.9307,81.5132,2.1855,47.8859,51.3893,1,0,0
2653,48.9811,48.5834,41.2945,263.5493,11.6811,40.8477,89.2741,2,4,3
3995,83.1706,60.9685,69.2926,107.8706,1.0445,72.0493,76.5744,3,9,2
2988,100.0,70.0271,59.7202,58.2962,1.2461,69.4132,8.2638,3,13,2
1712,27.438,50.4805,48.1198,76.7139,1.7688,43.6257,38.9721,1,0,0
2220,70.0,49.8787,86.3752,175.1534,31.9606,45.6749,46.4653,2,10,3
3051,37.2423,69.1635,17.6098,78.8598,0.3884,43.9865,181.158,2,7,1
2104,50.7336,10.0,16.8109,32.5397,0.0,40.6623,97.2732,1,8,1
3514,89.158,75.1416,85.4619,126.5293,0.1734,56.8606,28.1563,3,10,2
3455,43.5859,29.9654,7.1927,94.4991,1.3918,47.3768,106.5454,3,4,1
2347,27.7934,15.9474,73.2976,70.3654,0.582,44.857,46.1824,1,3,0
2208,33.7998,51.7524,73.539,189.6409,25.6224,27.7179,47.4103,2,10,3
1585,86.2964,79.5745,36.7146,87.3599,0.9005,79.9903,44.6235,3,4,4
3110,80.8981,82.1796,69.4521,94.9325,0.0,68.4167,18.1962,2,9,2
1369,48.1473,55.488,56.9806,60.2746,0.9569,41.0478,99.9433,1,1,0
1640,93.7942,84.859,83.159,71.3023,1.1023,73.145,122.3968,3,9,2
2435,23.4245,43.6272,77.0102,262.7446,13.8214,35.7695,72.2546,2,11,3
3573,85.0196,47.359,17.2726,65.9094,0.7816,98.4543,186.4406,3,9,4
2326,22.4035,23.9597,90.2486,259.6068,27.8194,53.4019,30.5772,2,9,3
2792,51.4984,58.9989,54.3566,304.2313,28.0082,48.0218,68.2644,1,7,3
1187,54.6311,32.7189,65.7387,219.8744,15.8889,29.8994,77.5561,2,5,3
3293,24.9927,67.4763,6.8724,73.4526,0.6103,43.2303,137.7655,3,8,1
3714,60.7715,47.4461,8.6954,67.2772,0.0,56.9999,129.5874,1,6,1
3287,46.191,29.3912,80.3931,38.0973,0.4865,35.2724,86.8082,2,3,0
2061,44.9299,59.6084,79.5457,39.8502,1.3769,42.3721,45.4649,1,2,0
1180,28.3566,56.4006,54.9302,286.519,13.5304,58.2485,122.2495,1,5,3
1144,74.3751,70.3646,81.1696,95.7641,0.7519,87.4614,104.703,2,9,4
1812,46.8095,47.7055,64.0218,49.3349,0.0,43.9316,14.451,1,3,0
3044,80.5732,73.0948,71.7495,49.5998,0.0847,83.4386,64.7772,3,14,2
3878,84.3316,82.7191,43.73,63.4268,0.5843,74.3016,28.5033,3,11,2
2143,51.0771,23.8643,57.3732,259.6104,29.3044,42.8253,19.1088,1,9,3
1226,90.1978,73.8816,59.327,41.7852,3.3161,73.0791,24.0303,3,14,2
2709,81.4216,91.8411,62.321,64.5308,1.0161,51.519,107.0047,3,12,2
1236,7.7907,40.1061,65.4002,48.4361,0.2366,50.7786,67.3446,1,3,0
3049,48.348,59.4399,62.7158,75.54,1.1039,32.5225,93.6355,1,0,0
1402,25.4478,51.7548,87.7097,70.4866,0.0,36.1811,30.6321,1,0,0
1363,82.5406,73.1802,29.2999,87.7982,0.5322,91.2175,73.3762,2,7,4
2551,93.5073,68.6584,61.7279,80.4225,1.348,63.3924,133.9146,3,10,2
3091,59.3675,35.2214,3.1262,50.9056,0.0,50.2433,142.465,1,8,1
2658,31.8886,39.9744,1.3764,60.1697,0.413,47.6659,173.0469,2,8,1
3470,16.62,75.0,7.5939,19.631,0.0,32.2445,75.3136,2,7,1
2604,79.5687,53.0073,19.6945,77.3501,0.0,90.9753,77.871,3,4,4
2531,74.9657,99.0559,53.6101,84.9262,0.1003,61.5312,72.9897,3,12,2
2071,27.0125,63.1878,98.0947,69.8344,0.0,36.6252,22.7919,1,1,0
2305,35.0744,54.101,11.5603,66.8397,0.0,49.0553,84.1625,2,3,1
1354,41.4015,43.1089,10.9432,64.6694,0.0,50.901,111.3731,1,7,1
1405,70.0,36.1939,45.3086,212.1817,18.6228,39.7958,62.8587,1,7,3
2065,67.3195,41.1502,76.1076,18.5028,0.4528,56.4079,67.2887,1,0,0
1131,99.8877,68.1744,61.3414,88.6961,0.1238,45.2953,1.0,2,14,2
3279,90.7249,90.5728,89.8652,118.9582,1.8068,64.4018,100.4278,2,14,2
2542,89.3958,59.696,43.7399,80.9792,0.0379,89.1265,41.4164,3,8,4
1693,69.776,54.2738,69.112,49.2849,0.0,91.363,139.4475,3,8,4
2853,37.1483,72.438,61.0273,267.6091,13.9722,60.8455,25.0443,1,10,3
1803,0.0,63.3221,5.8497,34.6599,1.5345,39.4262,97.8914,1,5,1
3457,55.0,67.7651,57.2131,61.2832,0.0,84.2282,104.8108,2,6,4
3520,85.3734,87.7568,32.8556,89.2075,0.5865,65.1298,11.34,3,14,2
3298,10.313,56.1541,3.8691,39.4259,0.7408,25.0,122.7851,3,3,1
3442,59.6713,71.0417,60.1627,47.2514,0.6398,78.8339,50.5943,2,4,4
3104,96.4564,79.2013,53.928,74.8277,0.883,65.2343,51.4901,3,8,2
1302,80.1811,82.1353,63.6971,79.2762,0.0,85.54,36.4263,3,5,4
2581,74.3066,63.0005,64.2603,54.1209,1.5181,73.9864,34.9138,3,6,4
3066,27.3287,31.0083,66.1043,150.0,20.2408,52.2887,83.6918,2,5,3
3007,22.6382,59.8096,66.1633,191.515,27.5006,53.0772,28.2622,2,9,3
3385,41.2667,72.7978,27.6703,275.5385,27.9653,41.1376,128.6288,1,11,3
2700,42.9203,16.0872,0.0,46.9248,0.1928,52.4946,111.7792,1,8,1
1082,6.1672,54.0108,97.006,238.5766,27.3462,51.0885,28.9268,1,8,3
2165,48.3004,75.0,13.8366,46.4956,0.0,33.7009,110.2973,2,8,1
2366,60.1033,79.8616,12.6743,63.1299,1.8201,74.4603,112.174,3,6,4
2827,20.1001,73.7149,14.8735,63.8793,1.906,45.3288,95.4932,1,8,1
3403,56.3831,28.0778,11.7472,60.7546,0.9178,44.0263,60.0,1,5,1
2718,99.4529,72.1835,62.5425,48.43,2.1333,59.6115,71.4691,3,14,2
1355,32.7985,29.3251,57.7865,227.7011,28.7253,52.5315,22.0307,2,7,3
2565,29.3351,35.3499,92.2795,246.036,11.43,51.705,15.8824,1,6,3
2592,38.7085,41.3934,70.3025,61.3985,0.0,50.6058,66.4137,1,0,0
2695,30.0711,54.3763,39.4408,95.5527,0.0,33.1296,66.8462,1,0,0
2711,61.541,50.713,57.1919,89.2558,3.6952,84.6807,157.4796,3,7,4
2126,90.456,70.7425,64.9062,71.8305,0.4445,59.5968,126.3584,3,10,2
1649,74.3674,36.5242,47.777,101.2756,0.0,74.2561,67.1831,3,3,4
1743,57.9894,63.4921,9.1183,76.6322,1.836,33.5183,128.2463,1,3,1
2258,90.7825,90.1662,70.4654,47.3487,0.0,52.9842,52.4839,3,7,2
3127,92.413,60.7362,78.6908,60.9825,0.2935,68.508,137.4158,3,12,2
3576,61.5075,63.9278,31.8058,50.5885,0.7493,87.7763,116.9039,3,5,4
1114,51.9808,41.7686,18.5922,57.8226,1.2033,40.0017,119.4108,3,6,1
2235,37.6205,45.1718,68.2068,61.4103,0.0,44.1639,41.5391,1,3,0
2674,66.9828,60.4276,36.4159,74.6676,0.7389,86.1356,84.0592,2,8,4
3978,60.7147,37.281,7.8519,97.1692,1.3992,40.1313,113.3332,2,8,1
3701,32.2258,46.1357,81.2592,86.7116,0.0,39.9099,27.3338,1,0,0
3503,41.9176,56.4439,61.3149,71.9259,0.7326,26.2105,1.0,1,3,0
1155,31.3795,74.2264,4.1026,61.6717,0.3317,53.8892,137.4245,1,7,1
2031,41.9172,38.1641,10.4562,31.4411,0.2153,42.8682,60.0,1,8,1
3748,27.2982,41.0663,6.5686,73.0985,1.3749,41.6641,150.6136,1,6,1
2358,63.4308,75.0,8.3844,61.8714,0.0,49.5668,76.0015,1,8,1
1951,56.5899,66.6769,76.2293,13.8416,0.5517,53.3686,47.18,1,1,0
2826,43.2907,43.8041,30.0,45.9888,1.2744,30.0157,1.0,1,0,0
1981,52.5773,50.1119,66.3047,41.6403,1.4069,36.8411,48.0486,2,3,0
2950,100.0,74.0533,55.4812,16.7987,2.9033,72.3709,44.6975,3,9,2
3798,45.2316,41.939,91.0932,57.887,1.6447,47.6335,47.0236,1,2,0
1848,56.2793,36.0587,63.9778,71.1665,0.0,32.3011,118.2962,2,1,0
2782,41.8994,45.1297,63.0908,241.0828,18.983,43.7194,43.0136,2,8,3
3833,39.7095,23.1666,9.1968,36.0718,1.2546,42.7283,60.0,2,3,1
1525,96.3313,98.7802,29.4766,68.7331,2.0906,52.9638,64.7107,2,8,2
1327,39.6351,62.544,45.3722,150.0,24.8767,38.9175,26.1532,1,6,3
3815,34.1022,70.8584,16.1302,18.3907,0.6201,56.5854,135.202,1,5,1
2560,79.9641,48.807,22.2193,130.8734,1.8468,77.4933,46.6507,3,6,4
3195,0.0,55.4643,71.1278,266.0355,25.9875,46.1216,91.8437,1,7,3
3796,92.9726,68.8596,16.3539,92.3801,1.2356,58.6885,47.3843,3,7,2
2456,38.0496,69.2878,84.7019,234.8509,21.539,49.574,80.9118,1,11,3
3843,54.6564,49.8521,23.7846,98.6101,0.6045,46.4007,209.2505,2,4,1
1381,77.2177,76.6182,29.2631,91.3868,1.3618,69.3374,92.6924,3,13,2
1652,83.4632,88.5512,36.4269,40.5683,0.3827,65.7763,41.6981,2,12,2
1306,49.4325,69.3289,14.0001,9.9508,1.0243,42.7738,95.5352,2,4,1
2879,36.2122,50.4931,55.1785,61.0658,0.0119,46.4606,1.0,2,1,0
3705,81.3131,57.8695,40.949,122.7334,0.9783,80.2494,109.6002,3,6,4
1477,19.0484,65.29,74.1081,165.0738,18.5922,33.1122,1.0,1,11,3
1582,26.5479,30.7889,50.4463,218.2822,19.7356,44.8174,52.6572,1,4,3
2468,44.9315,40.303,74.9346,267.7868,23.8967,46.755,47.4059,2,9,3
1427,38.9957,51.2069,69.4442,46.9057,0.3644,42.5131,7.3471,2,1,0
3552,82.7337,68.2906,76.1672,69.5736,1.0359,61.076,42.7024,3,10,2
3949,45.4288,55.4785,35.7884,25.1582,0.9643,42.5118,49.0594,1,2,0
3777,43.3203,59.8523,31.6867,237.911,21.9423,41.9711,123.5399,1,11,3
3657,52.2445,62.792,88.373,204.0332,28.7937,52.7733,55.2553,1,8,3
1793,77.9136,74.5164,57.4799,75.0006,0.0,87.8256,124.8794,3,8,4
3172,33.6806,44.0549,14.6971,135.1116,0.994,53.2953,111.3325,3,4,1
1888,56.1553,32.3291,89.7172,237.069,13.8338,44.0893,67.7664,2,7,3
3074,38.7347,55.4147,61.7308,235.8132,34.9246,46.6228,96.0768,1,9,3
1260,97.0632,82.7655,45.2962,61.814,0.0,56.427,66.9314,3,9,2
1626,86.196,69.2047,70.0191,80.3214,0.0,57.0298,90.3779,3,9,2
3403,8.2444,24.3654,36.9018,189.3655,26.823,29.4695,69.8729,2,5,3
1940,87.0401,85.157,56.8558,55.818,1.4362,60.2196,83.1237,3,8,2
1414,58.438,72.3674,37.0554,61.4183,0.0,79.9253,104.5891,3,7,4
1329,32.959,56.862,52.1041,33.411,0.5857,32.7061,13.6184,2,0,0
3893,86.1354,91.1931,35.1354,105.0466,1.4591,52.8069,77.9391,3,8,2
3522,80.7477,62.231,29.9553,42.703,1.3393,86.2855,105.945,3,9,4
1829,96.9057,78.8137,56.7153,30.9666,0.9966,64.9065,38.3168,3,14,2
3969,19.9234,64.3064,7.4155,80.5178,2.0778,58.5869,139.9114,1,4,1
2678,29.846,17.2937,24.4976,80.1558,1.2609,47.6405,124.4297,2,8,1
2105,90.4528,78.0934,53.0435,95.3952,0.7756,67.4076,57.7841,3,14,2
3807,32.9444,53.8089,61.1191,71.8782,0.1716,38.3906,68.6987,1,3,0
3045,42.5706,30.5022,71.016,231.9074,11.9341,31.8899,66.0767,2,6,3
1424,96.4733,69.1888,47.9932,83.8106,0.0,55.1379,10.5476,3,14,2
2931,76.5747,80.1037,54.546,86.9374,2.1229,64.7713,18.3423,3,8,2
2612,75.8019,90.6169,57.7396,64.8187,0.0885,83.3392,56.1805,3,3,4
1719,17.304,49.6173,98.2471,245.4689,22.4794,34.9053,119.92,2,6,3
1439,85.599,79.5626,26.8183,114.9501,0.1823,58.0676,59.9788,3,11,2
3952,96.1786,64.2551,47.0091,81.4608,0.989,59.5538,1.0,3,9,2
3628,18.3091,44.8187,78.0593,1.0,1.1439,48.2362,52.4182,2,0,0
2538,92.4419,51.4402,35.1323,61.2888,1.0629,80.6095,135.1375,3,8,4
1182,0.0,32.3906,8.6623,74.7828,0.6016,38.4792,109.7755,1,6,1
2337,53.4278,54.2115,64.599,37.7495,0.0,52.5771,55.1282,1,1,0
2274,57.2412,84.9629,55.7853,78.6367,1.0826,81.866,99.527,2,6,4
1486,11.9384,31.5787,6.0837,88.4976,0.0,47.5072,151.5954,2,7,1
1119,41.5628,34.4221,9.0068,95.7307,1.2517,46.5814,166.9003,2,6,1
1631,76.2672,83.8008,44.8857,26.9335,2.9034,67.3324,141.3681,3,13,2
1971,64.1667,42.8852,87.2327,58.8751,1.607,37.624,113.6502,1,2,0
3550,36.9885,70.1203,0.4206,34.2514,0.7103,50.8466,150.8297,1,4,1
3790,25.6168,48.6247,38.2532,83.316,0.0,50.4575,28.9597,2,0,0
2801,46.5655,21.0386,11.0632,26.3755,0.0,58.0711,211.5986,1,4,1
1991,100.0,60.6336,60.9893,106.8502,0.2825,60.0566,42.4758,3,13,2
2261,69.3157,82.3933,39.1717,41.1975,1.1099,87.8009,59.9725,3,9,4
1128,32.9271,49.3338,59.8577,79.4268,0.6129,50.0728,51.6843,2,0,0
2549,80.7157,57.0373,66.1025,82.6111,0.93,92.0607,63.3407,3,4,4
2781,19.2673,44.9305,77.6259,114.6466,0.0,57.0171,44.9321,1,1,0
1528,70.0,57.5392,43.8958,44.7068,1.6588,48.9268,120.1436,3,9,2
2957,34.8865,32.5747,66.029,253.8581,21.8397,46.5724,125.1332,1,5,3
2558,15.0516,44.0718,8.3153,41.4455,0.0,54.6911,179.3288,2,3,1
2215,33.9038,75.0,55.1585,61.4353,1.3221,46.5749,85.718,1,1,0
1928,84.2296,87.1113,47.6287,103.7762,0.3474,73.2014,107.1069,2,12,2
3161,46.7564,51.9667,6.5127,43.5664,2.4504,40.6957,108.0369,1,5,1
1442,70.0,37.455,17.3208,76.8876,0.0049,41.4089,109.4294,1,6,1
2176,31.5022,62.502,77.2598,159.6156,11.7671,50.8735,46.3872,2,9,3
3164,34.1343,44.3894,79.4154,256.8779,19.9268,42.6022,9.6917,2,10,3
1113,35.0849,35.579,92.5186,99.7555,0.0,50.1358,84.4623,1,2,0
1875,43.4961,72.6966,22.0616,49.7611,2.3846,44.3645,107.2512,1,3,1
2332,18.1765,27.4283,4.6049,91.9609,1.9665,30.8733,125.3169,3,6,1
2456,81.5887,53.8008,54.8538,106.1994,1.8729,88.799,148.0758,3,4,4
3618,39.646,41.0004,72.2634,317.631,25.4625,53.0315,59.1848,1,8,3
3545,16.4194,42.4542,89.9778,115.1631,0.0,46.682,73.7023,2,3,0
2977,38.9398,27.1939,54.357,99.25,0.0,47.7418,10.0507,1,3,0
2241,85.3704,85.8929,63.0905,113.0311,1.2641,64.8935,54.3571,3,7,2
3406,97.2614,86.929,100.0,57.9084,1.1122,64.1767,58.0274,2,8,2
1495,52.053,39.3691,20.4688,65.8403,0.9937,40.5507,116.0467,2,8,1
2722,67.3393,55.9061,55.9512,71.3056,0.2568,78.6725,108.0774,2,9,4
1948,44.5655,58.2959,84.5988,51.6958,1.0181,48.1129,40.8698,1,2,0
2454,78.7895,74.8604,39.5633,73.6242,0.0578,69.8762,103.4257,3,8,2
3476,37.8881,52.7445,61.0157,37.2724,2.1165,41.0887,77.0,1,1,0
3915,37.4615,43.9569,57.7907,217.5244,24.8052,33.9983,48.6309,2,7,3
1069,83.5364,49.2137,77.2157,39.2462,2.1861,68.0,22.1676,2,5,4
1631,52.3733,41.2858,12.3558,46.2526,1.2068,37.6122,161.1173,2,4,1
3932,70.0,67.2773,9.0987,70.3578,2.299,52.3086,113.6253,1,4,1
1363,8.274,63.8337,8.6523,32.442,1.2543,39.5467,113.6146,1,7,1
2837,56.5861,45.4987,7.023,76.3922,0.9524,54.3637,182.274,2,7,1
3937,93.8774,74.0498,69.3295,77.0949,0.6825,85.9463,56.0069,3,7,4
2215,44.4304,61.3683,68.5279,270.9783,32.4479,43.7293,94.3301,1,5,3
2733,66.5189,62.0407,78.9927,34.3868,0.196,35.7882,35.0983,1,1,0
3332,33.857,53.1571,11.3914,66.0342,2.0564,35.1259,184.8113,2,5,1
3160,50.2822,50.8471,0.6476,48.0558,1.3526,42.6162,177.0898,2,3,1
1930,70.0,35.0898,20.1098,64.6466,1.2852,30.5646,165.0982,2,4,1
3377,43.1385,62.634,58.5198,280.803,16.3573,58.2869,89.846,1,10,3
2672,73.1519,46.9808,50.0605,53.9998,2.4592,72.7165,91.6718,3,3,4
2823,63.6864,28.5979,80.3411,12.6707,0.0,48.9047,22.8071,2,2,0
3793,85.8188,56.3162,62.4878,95.9502,1.2383,90.9688,45.8203,3,7,4
3678,39.2858,54.7939,78.1754,247.041,29.2259,32.688,29.8949,1,8,3
2234,90.4284,98.652,51.6959,31.2684,1.2844,54.8155,26.8576,3,8,2
3948,82.4422,35.0,28.6154,72.0233,0.7741,68.0238,125.9767,3,3,4
1005,90.0216,64.2785,92.653,69.4157,1.8526,63.5202,55.0989,3,12,2
3608,33.5751,52.067,58.4865,38.0089,0.5807,40.6367,48.0839,1,0,0
3711,83.4945,59.5641,87.6678,92.45,1.6545,80.4212,35.5975,3,7,4
3504,83.4412,80.8488,68.5406,80.6113,0.0,68.0,131.2901,3,5,4
3168,22.4014,60.2839,61.3966,212.3971,28.2605,41.1234,21.2322,2,9,3
1684,41.9687,33.3472,85.2373,274.8858,10.0,33.8841,36.327,2,8,3
3054,22.3105,37.5713,0.0,96.1857,0.0,48.4494,123.6322,3,7,1
3122,74.3312,60.3504,22.3363,76.0348,1.5231,80.5274,30.4894,2,4,4
3141,48.0077,53.5003,14.413,89.2515,0.6895,33.2368,132.9906,2,4,1
2932,90.4145,60.3263,29.9277,46.2169,1.1465,77.0319,18.1865,3,6,4
1371,85.0148,84.4521,70.8153,63.2945,0.9691,45.0,52.7109,2,8,2
3470,31.1334,50.0376,45.2889,36.433,1.3368,44.0531,89.2375,2,0,0
2535,80.0827,66.7774,30.5629,24.2143,0.3673,92.0873,74.6512,3,3,4
2524,69.5149,76.1134,47.577,78.0655,2.9081,73.7318,77.2741,2,3,4
3817,28.0597,61.4307,82.0887,150.2871,14.0282,43.2158,103.8617,1,5,3
3425,21.3319,75.0,63.1765,210.3181,28.8939,45.0057,69.682,1,8,3
2164,28.088,54.4797,47.6863,60.4334,0.5756,45.409,31.3398,2,3,0
3864,9.9004,45.9443,49.7389,222.1811,16.9428,43.4203,37.5194,1,10,3
1128,70.0,60.3058,66.8186,228.5293,10.0,25.0,9.3067,1,8,3
3492,100.0,65.1014,53.7929,60.9288,1.155,77.172,101.2242,3,6,4
1086,40.9608,40.2161,54.3824,175.3167,21.9403,45.1062,15.521,1,6,3
1260,17.9943,43.6005,93.5806,40.914,0.0,44.066,105.5139,2,3,0
1965,39.8897,60.0507,83.2862,154.685,16.7405,39.988,34.0032,2,6,3
1853,31.3779,44.387,78.4542,260.848,18.3092,53.2556,45.56,2,10,3
2206,37.501,63.9717,10.37,46.2811,0.0,40.179,113.4963,2,7,1
3380,91.7263,81.3461,78.9427,59.7712,0.9761,70.6732,59.6071,3,9,2
1427,78.0742,69.1764,49.727,82.6094,0.7862,85.6446,61.0344,3,7,4
1887,66.159,53.3337,85.4341,82.781,0.4402,40.6066,35.7275,1,2,0
3027,86.1321,87.7572,56.707,31.355,0.0,61.0995,73.457,3,10,2
1477,98.7443,42.1112,55.5632,107.6232,0.6289,74.0915,10.0,2,8,4
3520,35.3113,31.6991,72.3777,241.8861,21.1431,51.3536,68.6196,1,8,3
2886,77.4958,94.9291,15.0,135.0494,0.2573,63.3759,109.8892,3,9,2
3829,46.4854,41.3372,4.1851,40.6304,1.3691,47.4575,85.3077,1,4,1
2022,91.7111,69.525,71.0935,67.5655,0.5987,53.9189,12.3422,3,7,2
1059,18.702,66.5991,6.8237,36.9344,1.0821,38.385,187.1192,2,5,1
2675,29.4914,68.7733,55.956,228.3265,10.0,60.1127,53.4087,2,11,3
1625,41.4608,39.8076,10.2746,44.9727,1.8257,48.5826,123.8525,1,4,1
1816,40.1714,40.7581,72.3769,38.7295,1.2742,39.9587,3.0888,1,3,0
2186,37.6053,75.0,53.7492,87.9849,1.6279,47.7388,15.8722,1,2,0
1971,32.3913,59.1485,93.2116,217.9178,19.3204,45.5796,69.6664,2,8,3
1336,51.3707,21.4735,39.9673,221.6629,19.3951,41.4398,51.8291,1,5,3
3372,69.0899,62.5201,7.8293,64.6561,0.9636,53.6906,232.7435,3,7,1
2678,32.1767,57.7261,7.5606,79.3104,2.8405,44.1793,74.3161,1,5,1
3275,21.9142,68.3402,8.5634,83.8278,1.1497,50.9104,88.9272,1,3,1
3824,82.1015,85.1659,28.4174,118.3238,1.4115,68.0,112.7804,3,9,4
2131,80.6134,35.0,67.7317,104.0805,1.5388,83.5933,124.9622,3,4,4
1506,85.8077,73.3841,46.3387,71.468,0.0,56.6044,94.3357,2,10,2
2758,95.5381,63.4097,30.0247,90.4729,2.0535,84.662,93.8068,2,7,4
3417,41.4972,57.0284,69.3562,193.4814,30.453,53.233,142.6859,1,5,3
3337,55.1332,30.3326,76.43,205.1879,10.0,35.0454,52.6488,1,4,3
2784,37.369,23.2282,2.2636,60.9594,0.9463,53.8263,94.4071,1,4,1
3418,75.1498,71.1375,61.6364,85.3814,0.0,67.6213,117.0281,3,12,2
2302,100.0,85.588,53.1813,22.1939,0.0,45.0,90.9727,2,8,2
2535,45.7793,35.3755,14.872,99.2699,0.0,45.6549,133.8323,2,8,1
2860,99.4365,78.7253,33.581,29.7537,2.1734,52.4836,27.1382,3,11,2
1143,90.8128,68.8071,49.6607,63.7186,1.6353,70.2128,64.4491,3,7,2
2899,45.3351,45.3984,75.5211,176.4253,10.0,34.7701,37.4823,2,8,3
3641,89.2193,77.7239,41.748,118.548,1.5697,74.1094,35.1247,3,5,4
1408,6.6444,44.2652,10.293,44.2028,1.706,50.0917,83.2671,1,6,1
1597,16.259,36.2415,44.0959,249.7604,22.8337,45.5595,19.8643,2,5,3
2209,61.5362,75.0,12.8247,53.5525,0.0,47.4008,158.7457,1,8,1
2673,30.3112,68.8136,57.3613,303.4892,23.6222,45.8059,45.4061,2,10,3
3698,72.4433,96.2498,66.8074,30.8453,0.413,65.103,79.5283,3,12,2
2127,49.2556,63.5454,75.8602,331.1532,26.3514,56.443,49.4747,2,9,3
1112,34.5787,54.2234,61.5722,234.2195,16.5483,31.4227,89.6579,1,4,3
1569,82.5959,73.2133,10.0,100.4035,1.1462,82.9091,111.5817,3,7,4
1675,81.8671,80.8553,51.0448,50.634,0.0455,77.1864,53.3598,3,7,4
2204,61.9495,49.2388,76.394,45.4221,0.444,41.6585,56.8538,1,0,0
2250,24.2428,69.1991,76.8326,206.0095,15.0989,49.5795,15.1312,2,9,3
2089,35.4732,33.2335,56.5756,199.5112,19.3802,49.4497,45.8086,1,11,3
3174,37.5312,30.2463,13.348,63.6889,2.1799,49.476,101.1641,3,8,1
3824,89.7727,67.2777,22.5732,82.0451,1.7781,86.1148,95.6359,3,9,4
3029,83.6961,66.9222,69.6131,88.3991,1.1037,64.8345,88.6161,3,8,2
1313,26.012,44.1367,0.0,64.5085,2.6364,45.0926,140.0486,2,8,1
1767,43.4932,65.5581,62.5744,75.024,0.0,25.0,1.0,1,1,0
3284,39.7612,47.1495,0.0,60.1828,0.0,30.1863,145.8918,3,5,1
3679,81.0205,64.8089,57.5693,90.4065,2.4921,64.4113,29.0383,2,12,2
3605,24.1191,43.5543,12.9613,67.5523,0.4115,41.7739,148.0809,1,4,1
3808,30.0031,47.0505,20.6407,65.4438,1.0484,41.7252,87.6721,3,7,1
1439,79.7622,63.3182,60.2701,76.4445,2.009,87.2847,51.9464,3,4,4
3090,67.1393,32.4163,50.6036,220.0858,18.2547,31.9007,50.1637,2,4,3
2515,85.3272,94.755,48.6328,55.9717,1.5884,87.5355,156.3254,2,9,4
1428,22.2825,57.1065,7.6351,59.4901,0.6063,44.4419,117.1969,3,6,1
1727,99.964,64.8608,63.4977,76.4216,0.0842,77.3354,71.3806,3,10,2
2297,70.6079,94.1273,40.0885,61.2795,2.4816,77.8304,92.1783,3,8,4
1682,99.3699,78.5481,71.9742,47.2814,0.3178,69.5314,78.0624,3,13,2
1421,46.2161,60.0262,60.0318,28.1345,0.8842,40.486,2.3752,1,2,0
1884,60.061,48.6616,86.9324,43.4925,1.2443,51.6661,55.5003,1,2,0
2337,66.3939,54.6205,35.8549,117.9669,2.9257,77.1632,10.0,3,9,4
1606,54.9974,29.9648,59.7514,92.529,0.0732,43.7241,65.5097,2,3,0
2077,75.4667,82.4858,48.8167,57.6667,0.1005,89.6172,114.6502,3,6,4
3992,9.0514,39.6645,68.4501,42.6434,1.4281,40.1411,48.4824,1,1,0
1097,32.7438,33.0198,61.5177,165.2114,37.5823,57.9974,124.5716,1,9,3
3699,58.3381,49.0337,78.1647,90.5432,1.7399,45.2154,23.4972,1,3,0
1796,56.2542,28.4811,7.2072,66.0692,2.321,53.1198,204.9653,2,8,1
3369,98.5811,54.9539,55.447,70.5989,0.0411,70.9394,21.2528,3,6,4
2112,53.191,29.4854,85.3014,11.1796,0.0,60.8782,69.3534,2,0,0
3494,68.7036,47.4678,92.6944,87.3493,0.0,81.2352,116.2347,3,4,4
3869,24.1339,38.8433,52.9104,221.3267,24.1408,43.1058,1.0,2,7,3
2570,42.6368,53.2044,5.5721,66.9775,0.0,36.8362,148.7614,1,8,1
3795,70.083,64.5075,35.7576,91.8464,0.2458,94.0638,99.102,3,5,4
1132,14.69,32.5994,75.8646,53.3397,1.3725,56.6097,88.4838,2,0,0
3657,26.1014,28.207,83.1304,78.3107,0.0664,44.9576,57.4102,1,0,0
1610,57.7929,59.6536,30.7169,282.4116,31.3477,38.7791,1.0,2,8,3
1464,73.284,91.0847,56.0394,39.9531,1.766,91.6054,45.1618,2,4,4
1526,52.6105,67.4294,66.0619,188.4971,36.7624,41.4331,103.7089,1,9,3
3927,89.0908,71.3186,50.0538,66.0695,1.4942,79.5012,62.6566,3,8,4
3771,33.8801,70.4693,93.7286,203.1591,16.6095,42.4617,132.2479,2,10,3
3234,83.237,77.7264,46.3139,64.8268,1.528,65.2209,62.4665,3,9,2
1056,50.0249,62.0052,63.2448,52.7929,1.7607,45.5717,83.8083,1,2,0
3147,42.83,38.0487,78.9428,225.5735,10.5846,36.1951,87.9124,1,9,3
1520,80.6844,58.345,62.2946,110.5683,2.2732,52.9091,65.0503,2,11,2
3699,35.2513,46.5403,8.5985,75.7796,0.2674,47.0982,73.3837,1,6,1
1284,64.9743,28.5796,15.8228,36.5444,0.3819,34.0982,60.0,1,8,1
1680,60.3038,54.2955,60.5971,22.8609,1.1745,51.8272,50.1556,1,2,0
1321,44.8837,27.8216,9.3535,37.8705,0.0,50.4913,85.1926,2,6,1
3036,83.9625,72.6402,10.0,78.29,1.5696,100.0,112.3207,3,3,4
1613,22.8709,75.0,77.4679,107.1547,0.0702,40.2174,35.5725,1,0,0
1137,54.7478,52.0091,92.9281,269.0684,23.3374,54.3492,85.6219,1,11,3
1560,28.6991,39.2016,42.0497,300.0847,24.8454,35.8449,73.8518,2,7,3
1630,88.8413,56.0336,51.4484,59.6107,2.3691,55.3027,54.9313,3,9,2
1016,33.5641,44.0572,76.2318,296.3433,23.9068,43.0066,116.9247,1,9,3
3475,91.3449,65.0636,18.4829,62.1296,2.1581,69.2165,50.2335,2,9,2
2380,86.5403,77.7095,65.4793,91.6341,3.149,67.3719,42.9085,3,11,2
2354,94.1124,84.6522,41.1623,87.8331,2.8789,60.0727,66.5577,3,7,2
2430,76.1215,67.4728,38.5879,87.6636,1.8258,68.0,10.0,3,8,4
1486,41.4961,46.4018,52.7592,322.5208,24.008,47.1939,27.4165,1,10,3
1071,49.0202,25.1048,12.4899,46.3717,3.4568,44.6266,77.9566,2,5,1
1167,65.1524,36.3373,71.3303,187.8731,20.4581,50.0579,48.6044,2,8,3
3416,71.6479,62.4422,60.3883,76.9125,0.3574,85.1543,142.0489,2,7,4
2026,100.0,69.9539,29.1426,123.1019,1.8015,64.1605,30.4866,3,7,2
3894,59.0498,58.6462,59.1472,55.8077,1.476,85.8842,62.6377,3,4,4
1237,74.6105,43.2652,55.7414,60.9005,1.6171,83.7553,82.8726,2,4,4
1308,41.577,73.361,4.3502,58.6246,1.6368,42.6212,158.4124,1,3,1
3480,61.8833,62.3329,75.7761,244.5608,21.1915,51.6645,70.7355,1,5,3
3009,31.0389,37.7784,11.9964,82.7534,1.3969,56.5262,60.0,1,6,1
1629,93.2101,92.1347,51.3535,45.5011,0.0,51.3272,23.3192,3,8,2
1316,84.3172,96.9087,40.1325,81.7368,1.6262,74.1747,51.4436,2,9,4
1182,94.3764,84.4261,73.6605,44.866,0.0,80.848,157.7199,3,8,4
1416,92.0095,77.2696,65.5664,91.6709,0.144,52.0199,32.3066,3,14,2
3614,90.7796,83.6289,44.7816,72.1937,0.2111,87.634,84.6189,3,9,4
2106,19.3497,45.8741,55.8785,49.9102,0.9338,36.6425,71.0405,1,0,0
1324,42.3781,51.3028,96.3011,105.2229,0.6694,28.1972,68.3252,2,2,0
3664,60.881,23.8742,55.0577,217.6947,10.0,58.0761,3.0125,2,6,3
3003,25.9896,59.866,7.9747,59.377,0.0,51.8771,119.4289,1,8,1
1205,85.9158,68.0242,87.9201,84.4835,1.5697,59.8033,36.4134,3,7,2
1137,31.6132,50.3075,75.2486,222.8623,22.344,51.7124,102.894,1,6,3
2714,3.81,54.766,91.0802,251.3732,24.3241,41.4137,29.8117,1,4,3
1979,86.8178,46.7043,50.1705,85.8619,0.6011,79.9088,87.273,3,7,4
1728,90.9727,91.0943,31.4586,52.2594,0.9802,69.9032,33.3366,2,9,2
2280,41.3024,65.3101,65.296,288.0225,14.6552,33.8777,115.7468,1,4,3
3978,78.887,83.7949,45.7982,46.2753,2.5646,66.916,12.177,3,12,2
1970,85.0096,82.3936,97.4209,75.6819,1.275,88.8385,76.8963,2,4,4
3807,54.6664,34.8136,71.0378,197.8679,23.9509,51.5285,49.511,1,8,3
1258,74.9148,29.3762,53.0642,61.2925,2.6078,37.134,58.883,2,3,0
3218,31.6933,52.646,75.6284,226.1666,22.9249,42.8684,43.5449,1,7,3
3856,24.7942,69.7109,54.5276,68.1022,0.1301,38.8201,82.9755,1,2,0
1038,41.3297,54.0445,74.4042,265.757,21.9774,46.767,10.0429,1,11,3
2752,85.9303,58.6385,74.1888,42.7167,0.0,80.9486,134.6419,3,3,4
2492,100.0,81.5034,26.5921,64.7055,1.7872,60.7378,19.3452,2,9,2
3612,47.4307,60.1579,2.6767,71.1713,0.608,42.5737,159.1607,2,8,1
2374,100.0,41.4421,75.6587,62.3954,2.3788,79.1404,96.661,3,7,4
3412,37.6986,36.0001,48.2891,236.8756,29.6091,42.5916,65.7813,1,8,3
2588,26.714,44.5231,26.8509,153.3254,14.2677,49.0585,46.2927,1,7,3
1724,86.2426,35.0,49.0058,83.5712,0.7083,75.6204,32.7492,3,5,4
3437,100.0,67.1828,41.8369,60.6371,0.0,66.6383,39.2498,2,9,2
1862,51.7353,40.2314,52.9798,73.8786,0.6406,29.1499,59.6925,1,2,0
3162,100.0,76.2167,64.9897,66.3128,0.0,68.7138,100.7293,3,14,2
1927,89.2116,70.7033,24.1511,54.1073,0.4196,83.2024,77.6038,3,4,4
2341,43.3699,44.5462,85.9174,157.6858,15.2271,61.5745,105.1626,2,9,3
1378,100.0,81.2346,34.4022,36.7621,0.0,51.168,6.833,2,8,2
1539,47.4209,47.3349,87.4047,225.7463,26.5743,45.5447,91.4922,2,5,3
1440,36.4274,30.2697,86.4444,23.8249,0.0,42.8596,13.56,2,2,0
3327,32.6107,70.8676,66.6232,294.1084,14.9884,61.6977,22.6136,1,9,3
2997,32.4888,56.1504,46.6701,267.9732,24.9737,42.6661,48.0838,2,9,3
3824,32.5831,31.942,25.0,94.5776,0.0,45.1688,181.1031,3,4,1
3120,30.441,75.0,9.0466,49.2307,0.9973,53.0159,147.3062,3,6,1
3022,54.1006,66.0118,41.0668,257.3937,24.4475,42.3073,42.799,1,11,3
1385,69.951,20.7019,100.0,43.0681,0.9916,46.2995,29.8109,1,2,0
2031,33.8485,40.1799,51.5744,212.9314,31.8011,31.118,70.0637,2,9,3
1765,3.0429,75.0,62.537,175.8792,17.5161,53.5431,31.5468,1,5,3
2638,81.3292,100.0,79.4077,87.4801,0.3797,71.1745,60.0937,3,10,2
2092,22.3254,16.788,42.982,79.3135,0.0,48.1911,61.8552,1,2,0
1105,25.6005,52.4795,9.1988,67.8529,0.7918,48.2494,87.1486,1,5,1
2035,32.3701,40.6886,57.591,217.6501,11.4214,25.0,39.4819,1,10,3
3424,29.9787,61.1244,69.4033,267.8079,13.7175,52.3296,60.169,2,4,3
2577,21.3329,10.0,56.5392,90.2316,0.6475,46.6496,81.5727,2,0,0
2762,31.0878,29.4738,61.8733,73.7965,0.673,54.9279,45.5878,1,3,0
1166,25.8832,41.0539,71.5375,21.1873,1.1957,40.5059,27.0044,1,2,0
3985,41.3573,17.0723,74.7197,26.6631,0.0584,44.0407,40.1284,2,2,0
2455,40.2863,60.2553,2.3894,71.7574,0.0645,42.0453,75.3244,3,4,1
2944,65.0639,64.8158,69.6608,72.4249,3.6985,78.257,180.8168,3,8,4
2736,73.2376,58.901,51.6308,89.9708,0.3837,73.6285,108.3703,3,3,4
1436,96.2413,68.1308,54.8746,120.2981,2.0944,64.9488,74.7881,2,12,2
1249,14.363,42.6384,57.539,168.7589,10.0,35.1822,117.4386,2,4,3
2893,100.0,65.2647,46.3634,33.5317,1.287,64.2059,3.7863,3,11,2
2267,85.6383,83.8715,22.957,99.8988,1.9477,78.3959,60.0051,3,8,4
3115,35.4736,58.561,10.938,57.6533,2.3597,44.4573,135.9931,2,5,1
2751,61.9217,50.869,78.9332,84.1293,1.0704,32.5552,71.6661,2,0,0
2172,93.372,71.2927,19.0999,70.2377,0.7332,63.4372,57.8758,3,8,2
3323,50.5456,31.2003,7.6707,75.8598,0.0,55.2289,155.4325,1,4,1
2224,18.5875,51.3385,66.4452,150.0,26.6581,42.9406,143.1733,2,11,3
1979,88.4478,70.1495,33.1694,80.3637,1.1774,71.85,32.7923,3,14,2
2269,40.3278,55.2862,77.6407,85.6337,1.6488,40.7742,63.3483,1,0,0
1053,49.3777,22.3317,9.7733,55.7143,0.0,42.5744,132.8648,1,3,1
1942,32.7236,48.1119,20.1876,195.8005,11.8867,35.4105,54.7879,1,10,3
1772,54.1085,35.5862,70.464,49.7588,0.0,29.6173,93.7451,2,1,0
3183,42.1364,57.5371,62.646,33.3882,0.0,52.141,9.1695,1,3,0
2127,98.4618,69.521,43.2096,103.9783,3.2137,63.1094,8.584,2,8,2
2975,69.0585,51.8254,72.03,54.6431,1.7235,26.8321,47.7571,2,0,0
1517,20.4673,53.117,61.8868,11.9771,0.0,38.2998,74.183,1,1,0
2811,70.0,68.5753,49.7834,129.0034,0.3714,59.3708,56.8414,3,12,2
1819,29.7242,67.2923,7.3786,59.887,4.8258,41.6162,137.993,2,8,1
1856,27.2013,63.2128,81.8199,65.1353,0.0,46.9247,57.0587,2,3,0
3758,5.32,48.0849,1.5088,63.9113,0.5039,30.7985,98.6806,3,3,1
2485,13.6341,71.3054,51.1397,107.9111,0.0,44.0763,58.881,1,2,0
3820,42.0748,70.5657,62.2009,280.9924,28.0229,27.871,49.8447,1,5,3
3122,31.3382,62.2902,8.665,41.1872,3.0379,36.0521,88.8909,2,3,1
2409,85.3543,69.5387,47.6741,47.0865,0.0,69.5824,76.3109,3,6,4
1398,91.2623,73.8102,61.7028,53.5875,1.8443,71.5177,61.8146,3,14,2
2589,83.7532,59.7858,16.4411,53.4888,1.3448,63.0042,122.9195,3,7,2
3620,56.937,70.9109,81.716,91.9058,0.2624,78.3479,91.0127,3,9,4
1550,74.816,63.4317,37.6702,87.0521,0.0,80.4426,98.9058,3,7,4
3528,74.5728,39.2705,33.3277,100.1206,2.0549,69.1424,168.7475,3,6,4
2495,22.3151,19.6834,55.7355,298.9611,15.3955,49.0819,69.9469,2,9,3
1721,68.5874,80.4731,61.5014,39.7243,0.0,79.7075,21.8527,2,9,4
2660,45.5718,29.3602,45.1266,264.8976,34.2642,25.0,74.7048,1,6,3
2648,94.3891,88.8966,72.9819,74.3755,0.0,54.8269,92.6198,3,14,2
3851,82.2419,65.4405,33.8212,54.1051,0.3655,53.8987,77.4883,3,9,2
3580,91.7232,80.0661,50.5755,62.423,0.7643,70.1703,22.7637,3,12,2
3285,39.3097,30.5072,5.7257,47.5271,1.9715,47.8681,130.2885,1,5,1
1539,41.909,48.6155,67.6082,246.0594,12.058,39.3144,76.5052,2,7,3
2566,94.2575,63.5877,76.8412,51.3066,0.302,50.0388,71.9485,3,13,2
2335,46.5164,44.7953,54.3,40.4892,0.0188,43.881,64.1135,1,2,0
2835,69.4429,70.2262,50.2409,42.2569,1.1451,83.5198,52.3139,3,8,4
2014,12.7465,54.7482,15.8988,79.1976,0.7687,43.4222,104.8973,1,5,1
1812,63.61,56.4139,43.5505,91.4521,1.5209,72.6399,133.1921,3,7,4
1403,44.7341,28.0833,58.9771,76.4871,0.4555,33.3977,44.6652,1,0,0
1616,34.7691,20.7651,59.4591,54.7742,0.1476,44.0519,50.2866,1,2,0
3835,69.3074,58.5616,23.2604,99.6718,0.0,74.7803,100.6627,2,9,4
2076,40.9428,23.3934,79.3087,150.0,27.5803,60.9009,82.8328,1,8,3
3698,33.6667,47.0503,54.5881,266.2916,15.3189,46.4829,70.0772,1,11,3
2391,31.9184,45.9256,51.475,129.1859,0.0,49.5002,91.4862,2,1,0
2756,45.3531,66.9177,86.512,30.1901,1.0459,46.4529,91.6098,1,0,0
3173,43.7534,38.033,60.0821,201.5843,26.702,31.0798,56.5286,1,4,3
3934,88.5137,69.2469,46.6488,42.816,0.9424,67.8417,78.1715,3,9,2
2216,88.7498,66.7701,22.4184,48.4793,1.8973,70.4341,104.2077,3,4,4
3263,30.842,69.6928,58.7401,261.6776,17.6755,49.8254,33.808,1,8,3
3011,68.327,78.7942,55.7136,76.4131,1.8046,91.979,127.393,3,6,4
1731,69.4247,48.9632,38.873,64.6416,1.1177,68.9095,69.8932,2,5,4
3717,50.0367,59.3227,65.7589,212.9339,18.53,39.1572,73.5555,2,4,3
2130,39.1483,46.6559,62.4074,71.464,0.4985,48.9947,80.7857,1,0,0
2741,97.6261,73.1727,49.5262,98.6047,3.3835,62.2806,57.9376,2,9,2
2412,80.6426,60.774,75.5151,69.6157,0.681,86.3593,108.9779,3,9,4
2362,84.0362,57.8752,47.4344,66.2229,1.2056,85.6952,38.7638,3,4,4
3122,82.0095,59.9983,10.0,46.9695,1.2948,80.0703,10.0,2,8,4
2421,89.4103,74.5231,26.2126,31.3981,3.3148,60.4307,95.4304,3,11,2
1664,62.169,36.8033,2.6418,31.6971,2.015,36.422,102.5561,1,6,1
1430,87.2489,81.2768,66.998,35.2874,0.0,74.7305,93.9706,3,14,2
3836,23.3659,29.5799,10.5327,55.1139,0.0,47.6534,101.0451,2,8,1
2208,45.5155,45.3612,4.9657,86.2872,1.2973,42.4749,108.6188,2,7,1
1322,26.7776,48.2916,7.0629,56.8327,0.4843,34.433,92.9936,2,4,1
1152,73.1415,83.0926,70.6817,58.453,2.4095,62.4544,102.6525,3,14,2
1530,16.0043,47.5553,92.5176,252.1709,15.0311,32.0481,40.7657,1,8,3
3424,38.1249,44.4658,57.8967,75.1248,0.0664,45.8855,42.8159,1,1,0
3711,37.4021,39.6481,39.0374,214.9029,26.6546,45.0,94.1918,1,6,3
3889,45.4817,65.4396,63.3503,98.9704,0.0385,31.1339,22.2177,1,1,0
1276,42.7799,21.1081,78.7503,82.7098,0.0,46.4035,92.4774,1,2,0
1333,33.362,40.9477,73.4641,72.9176,1.2188,54.5457,47.3526,1,3,0
3790,43.8494,32.3578,6.7398,58.8733,1.5961,60.0695,173.0308,2,5,1
1413,30.4168,49.791,62.5727,42.7017,0.5717,32.8934,60.438,2,0,0
3081,46.6582,20.389,0.0,57.4971,1.2716,50.3161,192.1945,3,6,1
2430,52.9574,42.7884,91.8772,42.1545,1.1683,49.5154,4.3306,2,3,0
1897,71.4029,53.0528,44.6672,38.6558,2.1632,75.2189,10.0,2,5,4
3742,79.5673,87.9993,52.4858,68.0879,2.2513,54.644,99.4585,3,8,2
1231,90.2423,66.2743,51.2144,69.712,1.1507,83.1045,89.2015,2,8,4
2776,41.5617,48.3584,8.3523,50.7354,0.2229,38.6257,64.3281,3,8,1
3181,40.4685,73.6971,57.6247,161.704,13.3398,55.776,6.8048,1,9,3
3117,84.8118,93.7836,32.5547,61.1426,0.6337,55.0803,26.1836,3,12,2
2582,15.0605,54.6134,18.5031,58.3353,0.1809,47.36,116.9669,2,5,1
2167,29.9329,27.737,83.2383,66.2233,0.0,40.0254,85.9919,1,0,0
1297,43.3539,19.0399,44.8845,32.0424,0.1335,46.1828,38.2084,2,1,0
2168,25.7497,31.3414,57.0537,60.8093,1.7174,48.0668,44.6428,1,2,0
1372,51.0951,49.7337,22.3262,26.7653,0.6332,47.7036,118.4986,1,3,1
3475,35.874,27.791,11.3608,97.6571,1.2796,48.5614,155.376,2,3,1
1417,55.0,71.44,48.7925,97.3352,1.6859,87.8499,64.1278,3,5,4
1243,56.1862,51.9391,80.8643,334.2914,18.3069,48.4831,100.3305,1,5,3
2509,78.4135,89.073,64.9055,96.1371,0.0,65.2173,43.9053,2,14,2
3883,35.3372,29.9447,10.3415,49.859,1.4141,48.3982,175.3687,2,5,1
3027,27.6397,42.3996,64.7546,150.0,12.1962,46.8175,73.7308,2,11,3
3056,37.1298,41.4626,100.0,60.2929,0.0,29.3152,60.7014,2,3,0
1304,79.9359,79.091,59.7062,124.3177,1.1158,57.4409,80.4342,3,9,2
1592,79.6368,64.5387,42.7954,82.9384,0.5228,76.0978,110.3648,3,5,4
2815,48.4604,45.0556,9.4666,99.6511,0.0,51.3584,195.8289,2,5,1
3287,99.2856,66.4348,36.3308,111.1553,3.0519,52.9801,1.0,2,14,2
2589,23.1956,29.3061,46.8776,150.0,10.0,50.5826,130.9984,2,11,3
1275,14.757,19.6206,86.99,76.3905,0.0,51.4276,50.4466,2,1,0
3207,69.302,89.0232,44.7427,98.7574,0.0607,85.9507,87.122,3,5,4
1106,34.2056,24.8288,2.6926,6.4577,0.047,46.11,109.4982,2,6,1
3586,33.6505,59.2808,66.0814,31.5769,1.1128,49.499,1.0,2,2,0
1374,39.848,32.8913,15.236,110.9436,1.074,51.8159,90.3502,1,8,1
3698,37.3339,25.876,68.7212,219.5567,25.9631,52.2633,78.7064,1,9,3
1710,47.2022,48.3834,78.7497,70.1816,1.4863,55.949,35.3395,1,3,0
3347,86.2007,79.2096,54.1732,64.5045,0.8176,74.9745,71.2918,3,7,2
1650,37.7871,51.1205,69.8128,41.4035,1.1976,43.3249,25.1337,1,1,0
3718,40.7922,14.573,18.1116,74.4101,1.5085,44.6474,122.169,2,8,1
2555,43.2097,55.0442,48.4477,255.7389,14.258,43.1172,69.6039,1,9,3
1887,22.7042,57.6506,86.0604,228.3541,31.3085,52.9158,75.1446,2,11,3
2637,33.0639,60.043,82.7416,184.1691,17.6354,42.5619,43.4536,2,7,3
3324,34.3482,58.3785,7.6826,55.8726,1.6982,46.3159,111.6784,2,5,1
1300,64.3003,38.59,67.6031,236.7878,21.9002,48.8451,29.8482,2,11,3
3806,79.3722,58.8166,76.8451,13.4347,1.1629,78.2714,102.2346,3,9,4
2488,30.0174,75.0,97.2538,81.9739,0.0,34.8816,47.2904,1,3,0
3402,69.1405,63.6159,78.5033,296.9761,18.7638,38.4503,61.7257,2,11,3
1221,9.2474,64.31,63.2902,24.8802,1.4432,45.4317,79.4875,1,2,0
3997,81.139,96.5606,35.2129,55.7257,0.0,54.2395,21.7854,3,14,2
3640,33.6304,64.129,94.0925,242.1592,20.2351,35.0964,12.0444,2,10,3
1983,52.8696,37.1592,81.7537,50.7305,1.0296,58.6137,1.0,1,1,0
3845,39.8986,48.9947,56.0062,267.6583,19.991,36.4142,55.2167,1,5,3
1967,16.3667,49.1718,68.7205,198.9534,10.0,36.8894,45.6327,1,8,3
2534,63.8712,42.3238,59.1605,244.8285,23.4711,33.2307,9.5141,1,8,3
3610,52.5719,57.1051,81.8683,30.9516,0.0,50.5255,96.3335,2,1,0
1433,33.135,43.9982,22.379,98.733,0.0,36.265,175.3105,1,7,1
1104,39.6172,61.8932,52.2192,150.0,32.9541,42.6644,25.92,1,6,3
2544,31.0869,36.8331,46.5642,191.9272,32.566,31.2178,98.0349,2,6,3
1228,24.2137,42.8733,16.427,66.6142,0.2624,49.1705,133.6997,2,8,1
1290,27.6066,10.2058,94.1609,55.2482,1.5121,44.816,120.0,2,1,0
1199,35.4222,24.0089,12.357,93.6527,2.5069,56.1591,237.151,2,3,1
2590,34.2487,70.4496,55.598,272.7078,14.2461,47.6602,36.654,1,4,3
1908,26.4561,18.2458,77.6542,72.1273,0.0,44.7235,85.0924,1,0,0
2053,75.0,34.391,67.4015,62.5564,0.733,48.9788,75.991,1,1,0
3810,83.8003,73.3732,41.2996,49.807,1.3249,58.415,79.626,3,14,2
2660,41.1053,50.2505,90.4207,233.187,10.0,61.3913,102.1669,2,11,3
3292,56.0083,36.9351,70.2125,20.4458,0.0458,38.6293,45.042,1,0,0
3177,85.9248,76.8307,56.7781,61.7482,0.0,60.744,26.2348,2,12,2
1624,35.2523,39.7842,89.6353,263.8138,19.916,34.0587,62.7653,2,6,3
1447,93.3489,67.0049,43.5665,65.841,1.3435,64.2622,66.0021,3,10,2
1480,73.7373,57.4333,65.0997,72.7689,0.7128,81.6872,118.864,3,6,4
2639,46.609,44.8436,90.1825,257.7445,13.1529,37.9572,94.4971,1,6,3
2003,53.9245,37.0812,76.246,36.913,0.8946,31.766,28.2628,1,0,0
2346,33.9726,15.9567,87.8017,267.8954,34.9432,35.3772,25.6106,1,10,3
1430,58.7192,47.2294,75.16,42.5245,0.4,43.4884,60.0987,1,2,0
1901,64.8049,73.0175,57.7376,44.6076,0.601,74.9768,147.9045,3,5,4
2871,68.3657,63.3951,18.9028,9.7182,0.7632,89.4386,55.5718,3,7,4
2871,35.2079,20.7027,74.8737,248.1809,19.2274,43.8961,80.1136,2,5,3
1306,40.3571,56.0408,14.1702,61.0802,1.8902,44.8027,89.1499,2,5,1
1018,44.1441,40.4607,57.2251,110.2732,0.0386,29.6059,85.8988,1,1,0
1121,30.1878,31.5848,70.7483,78.4209,1.4659,46.3664,58.4543,1,2,0
2291,70.337,69.3331,73.0129,103.3954,1.8626,83.3872,64.0628,2,4,4
3019,52.8454,43.9772,94.519,228.6687,29.1676,45.5988,85.843,2,4,3
1741,45.2763,38.8958,51.5961,59.1916,0.2829,41.6886,99.927,2,0,0
3344,44.0353,74.4301,4.5528,60.0843,1.5456,41.9159,60.0,1,4,1
3335,24.2742,58.5715,72.0598,273.0377,27.2486,47.1152,75.9153,1,6,3
3880,23.9537,36.6334,86.6073,57.7452,0.6845,42.8014,49.4721,2,3,0
3129,24.3839,44.1038,10.1376,76.6669,1.795,50.1396,122.5454,3,4,1
1124,22.4265,59.535,63.1017,31.9261,2.4141,43.4867,25.6733,2,2,0
3687,23.2103,36.4392,66.9205,200.6811,10.0,31.4621,3.8501,2,5,3
1996,81.1395,78.712,41.5956,55.4059,1.0753,57.3305,1.0,3,9,2
3926,27.3382,75.0,90.6152,296.3256,30.2467,51.7744,49.1097,1,6,3
2280,55.5273,41.3007,68.305,189.5101,23.8238,30.851,73.5865,2,5,3
3438,81.2131,42.1463,69.6405,67.21,0.0,84.1576,10.0,3,9,4
2733,90.255,77.0396,10.0,64.5608,1.7078,78.1025,127.6498,3,4,4
3806,60.6288,65.0443,68.4778,78.5284,2.0389,83.3054,28.8631,3,5,4
1085,56.7189,30.6656,69.3202,58.6324,1.129,37.6936,44.6896,2,1,0
2299,81.2604,83.7768,38.3348,91.0186,0.9375,65.5294,71.6235,2,10,2
3524,20.2119,72.1805,20.4531,49.8453,0.0,38.6465,61.8252,3,3,1
2519,12.8001,33.0318,94.588,207.4023,17.1167,37.7597,32.9903,2,6,3
1984,74.2459,56.7649,38.7007,117.4329,0.3729,87.4529,32.1589,3,7,4
2611,37.6342,40.6922,69.7734,269.7768,32.3334,35.7472,67.6887,1,5,3
1224,36.9,44.1,34.7037,238.4828,13.9434,40.7592,122.5579,1,11,3
1208,7.4052,21.6237,0.3401,50.036,1.9288,25.0,99.3915,1,7,1
1821,34.5542,63.7759,41.7885,48.5798,0.674,43.8357,54.1032,1,1,0
3366,79.7958,49.0468,34.5538,80.37,0.2263,81.5213,113.3584,2,7,4
1395,93.3854,77.4259,24.8553,145.6663,0.0,62.7852,29.4016,3,13,2
3432,32.3566,42.208,61.8086,192.8892,14.3881,33.1596,19.2416,2,4,3
3895,94.0795,62.7517,59.091,73.3542,2.1456,51.2851,86.2619,2,14,2
1474,35.1684,49.5197,73.1413,204.9993,28.2907,46.9383,84.6861,1,9,3
3490,34.9111,48.4018,47.7742,1.0,0.0,46.8859,25.2613,1,0,0
2938,29.6744,39.5809,64.0736,70.1246,1.9648,41.5193,79.2397,1,2,0
1777,47.8175,45.0449,67.3147,87.0214,0.0,29.8745,92.8936,1,3,0
2314,15.9808,50.6158,70.2095,16.4874,0.8078,41.4122,25.8225,2,0,0
1465,79.5506,70.0389,63.1268,103.7727,0.0,85.8512,89.3832,3,8,4
3603,50.6252,59.0957,76.8328,320.5177,14.4606,47.6532,3.7305,1,11,3
1379,90.6148,71.8841,65.6863,69.0784,0.0,54.2517,40.5096,2,10,2
3729,88.5621,68.6147,61.251,54.0376,1.8978,85.5584,103.3753,2,5,4
2890,43.3718,37.189,23.7681,66.8194,0.0,39.7329,165.6822,1,3,1
2944,86.3518,92.9774,19.385,91.9538,0.0,77.0574,1.0,3,10,2
3925,42.4413,31.4637,83.9367,95.3128,0.3763,61.7745,37.1158,1,2,0
1529,27.7265,45.358,11.9117,70.1673,0.0,35.1874,120.6424,3,4,1
2505,73.691,66.0983,20.8594,123.6355,1.1724,87.2176,66.5066,2,3,4
2306,80.6265,56.439,39.3,97.1741,0.7987,75.7567,63.2705,3,7,4
1363,83.5555,88.7842,56.2047,34.0138,0.0,61.9409,57.9062,3,12,2
2277,23.7342,13.2502,93.0178,58.255,0.6692,27.247,43.6784,2,0,0
1056,37.1702,43.0475,93.9585,224.513,40.4699,44.5405,54.6948,1,7,3
3338,52.6273,54.2522,71.8059,29.5849,0.369,37.3289,101.0238,1,1,0
1571,47.045,65.6859,27.0424,279.3119,10.0,46.0545,52.0191,1,9,3
2680,93.7619,52.2396,20.7082,49.4618,2.1935,83.5399,94.3805,3,6,4
3822,82.4082,52.9793,42.5303,125.6557,1.1967,87.1835,44.6888,2,8,4
1893,59.7847,70.6548,43.8524,37.791,1.4102,68.4237,103.503,3,6,4
1209,71.0771,82.6888,55.7175,70.1844,0.4049,92.7181,52.9913,3,3,4
2378,27.2043,53.0705,76.4627,84.0184,0.0714,47.917,48.8327,2,3,0
3685,21.561,64.5893,69.987,260.1018,17.9634,35.7233,109.3087,1,4,3
3852,14.1648,28.5879,85.9618,325.2747,10.0,42.28,90.4043,2,4,3
1130,45.0592,32.814,14.0595,41.3081,0.2201,42.1893,100.4929,2,6,1
2807,51.6601,45.2098,70.2869,74.5777,0.0313,44.736,1.0,1,1,0
3961,78.3747,82.4108,58.103,98.2936,1.0353,60.2626,44.5151,3,9,2
2392,18.8085,37.7581,65.1671,73.7246,0.1404,37.9133,22.7581,2,1,0
3451,80.8026,65.885,47.7433,53.5789,0.8029,51.4288,67.374,3,9,2
3458,38.7308,26.2308,10.6459,58.236,0.5863,53.3325,129.8697,1,8,1
1112,25.4627,25.6672,38.143,181.8794,10.0,48.9833,73.6597,1,10,3
2932,97.0623,59.4765,41.8811,103.3257,0.1669,74.5917,111.4722,3,4,4
2638,77.363,78.9695,47.9993,71.6853,1.247,73.9854,40.4879,3,12,2
3554,55.2223,51.6584,66.2227,216.9797,10.9894,34.3996,142.1654,2,8,3
1883,35.1854,41.7863,7.166,105.73,0.5382,41.0386,163.2539,1,8,1
1211,51.1488,22.5839,91.1547,45.317,0.5561,52.0776,3.3248,2,0,0
1135,28.8249,62.0374,22.4193,43.461,0.3259,51.0425,100.2372,2,3,1
2556,28.2015,45.0569,73.6703,81.0984,0.0,35.4866,59.1598,1,0,0
1424,86.2177,59.2609,44.0652,39.1968,0.8444,93.0574,80.8301,3,5,4
3886,85.0111,81.0787,80.6026,38.723,1.7156,66.3393,57.8301,2,9,2
2809,37.0663,31.7554,1.9878,93.0251,0.0,48.3023,134.0405,3,4,1
2788,51.7675,24.2763,8.5452,64.8225,0.0,41.19,156.1604,1,4,1
1167,52.8519,48.3468,77.1226,52.5087,0.3045,30.1823,57.0379,1,0,0
3690,42.2555,56.3614,14.911,57.7584,0.5735,43.2898,107.4264,3,6,1
3165,44.0551,75.0,83.573,39.7637,0.7652,37.8047,79.4972,2,0,0
3339,52.018,45.4537,9.3632,60.1024,2.3099,48.4283,142.1851,2,3,1
1130,89.1242,79.725,43.9137,44.9391,0.5628,67.0237,71.161,2,7,2
2957,32.751,41.2645,0.0,35.8585,0.8758,41.893,67.2597,2,3,1
2103,45.2156,42.0467,70.6602,70.4092,0.0,29.6376,43.4122,2,1,0
3540,74.0223,96.8287,39.1897,30.9649,0.0,74.4158,36.5694,2,12,2
2471,66.9997,48.8763,50.5195,46.5926,1.9589,79.6266,66.7437,3,8,4
1605,97.7682,96.7985,47.7894,105.4182,1.3923,71.6313,100.7719,3,9,2
1286,78.1141,78.932,60.6532,16.4687,0.0,74.5817,22.7024,3,12,2
3722,49.3531,52.9197,73.8037,243.5084,22.1709,45.8035,10.279,1,8,3
2471,83.6853,70.6816,57.4091,56.2445,0.5951,65.7045,122.3686,3,9,2
3209,79.0893,55.3771,45.9676,46.2507,1.7205,77.4333,63.0678,3,4,4
2327,88.7195,73.6972,48.975,103.5097,2.0824,54.0295,55.1243,3,8,2
3690,73.4237,64.3561,43.6597,63.6012,0.0,62.8568,27.7546,3,8,2
1428,74.2682,64.1389,32.4809,91.1119,2.4056,64.4877,39.167,3,14,2
2123,78.7928,86.4969,80.3032,88.414,2.1646,86.8837,60.7991,3,3,4
2313,35.3598,42.4961,68.7296,19.3479,0.2759,50.3842,52.3902,2,2,0
2022,53.3694,38.4982,8.5233,3.2867,0.0,37.0334,107.6765,2,6,1
1442,26.5353,48.4377,0.0,82.4083,0.7274,48.7973,152.6979,2,7,1
2785,41.4123,15.805,42.053,211.3928,29.348,25.0,97.0162,1,7,3
2978,23.8095,67.4411,67.5529,235.7679,17.5477,41.0502,89.6244,1,10,3
1793,73.7601,43.8352,47.8635,42.8793,0.0,86.9123,91.402,3,3,4
1413,42.2897,66.203,68.3665,207.0879,36.4947,47.1435,150.0,1,8,3
1150,36.6667,42.1849,76.0514,92.3377,0.6164,37.0112,38.7561,2,0,0
2549,43.6153,51.2021,18.1675,101.9508,1.727,33.7774,194.9006,2,6,1
1901,38.4031,75.0,15.3167,46.8383,0.0,40.1865,131.68,1,7,1
2601,30.8211,68.5582,2.5325,88.4028,2.0472,32.8929,125.4452,1,5,1
1880,39.8044,42.9163,23.4463,65.3675,0.2943,42.6022,118.1136,2,3,1
1904,90.7643,75.6546,50.438,70.1167,1.1529,78.6094,28.4442,2,9,2
2718,78.0094,88.8042,51.2119,120.7591,1.0226,71.9941,42.5053,3,8,2
1118,0.0,28.5399,75.5524,69.234,0.1729,43.2922,39.4496,1,0,0
1151,88.802,55.2946,17.2185,83.6303,1.0055,86.8326,10.0,3,6,4
2332,24.532,49.3638,53.4457,211.1651,16.5838,26.6085,80.8315,1,10,3
3504,41.9816,45.2028,45.9303,266.6808,21.5052,45.153,21.0351,2,5,3
3313,0.0,36.9046,26.9369,278.0654,29.4022,42.2362,61.1978,1,4,3
2929,80.1096,70.058,65.5902,87.2202,2.2433,73.2833,63.1052,3,13,2
3321,39.7639,51.432,5.9,54.9942,1.2257,42.076,60.0,2,8,1
2983,60.3473,67.3566,6.6596,69.6037,1.1336,47.214,140.2703,1,3,1
2481,71.5292,60.7469,10.0,73.7782,0.7131,79.5913,51.389,3,9,4
2429,77.7016,63.7607,56.8673,50.8961,1.2348,45.0,49.0896,3,10,2
3181,65.7669,62.7991,45.7853,71.3581,0.7742,85.2727,56.0507,3,5,4
3910,79.986,60.3069,73.5065,84.0643,1.6682,79.4229,82.8618,3,4,4
2950,90.7025,67.6197,41.4062,41.8052,0.3543,87.507,94.4633,3,6,4
3132,45.7331,24.9538,5.0473,45.3221,0.0,43.5663,176.0458,1,3,1
3350,33.1752,48.8282,78.0728,62.6173,1.6787,49.8133,62.6109,1,0,0
2008,27.6328,53.6934,81.2729,96.957,1.2964,35.3212,57.1201,1,2,0
3775,100.0,57.883,25.8213,42.6346,0.0,76.7349,61.9818,3,3,4
3044,46.9381,24.4123,0.0,78.5997,0.0,54.2181,143.766,3,7,1
3961,49.9808,49.7112,74.5456,85.6128,1.1523,51.9053,71.5504,1,3,0
1773,69.8012,78.6452,66.5535,60.3057,1.1136,76.2922,73.9466,2,8,4
3121,85.305,81.7064,56.2615,111.9568,0.0,76.8157,44.2978,2,14,2
2483,95.9161,76.4555,10.0,96.3157,0.0,83.8088,10.0,3,9,4
3550,66.4565,25.6601,66.4439,313.0916,15.7797,46.8675,37.379,1,4,3
2201,48.4367,50.6414,4.3896,102.241,1.038,40.1381,109.8309,2,7,1
1501,97.5146,62.5094,53.8801,108.6035,1.1919,69.1307,84.1588,3,10,2
2758,48.0717,38.9701,100.0,59.2979,0.4939,31.4646,48.1158,1,2,0
3872,16.5856,67.311,63.2856,80.6602,0.112,46.0857,66.7631,1,0,0
2626,82.1814,82.2712,58.5715,71.6639,2.4457,74.7886,40.2404,3,14,2
2613,17.5741,63.6294,75.0545,52.347,1.1468,46.7575,43.4101,2,3,0
3272,78.1946,65.9241,53.2801,85.3857,0.5965,68.0,85.2195,3,8,4
1123,24.7445,48.1283,93.9798,240.3008,26.6467,25.0,55.5391,2,4,3
1496,84.6972,81.7662,57.8406,69.1015,0.2102,57.0071,75.9061,3,13,2
2928,76.3643,79.8013,92.756,53.9683,1.1096,61.1417,1.0,3,10,2
3136,55.0794,34.2228,81.4368,240.689,38.7124,31.9539,46.2024,1,4,3
3138,61.0777,50.773,67.3814,79.7343,0.0,68.0,99.1441,3,9,4
3395,33.0865,46.8308,26.1606,224.5913,25.5641,53.94,29.2208,1,11,3
3746,96.6936,87.3659,92.1243,74.8973,0.2865,49.2187,24.2858,3,9,2
1717,93.452,85.0815,58.2592,60.5647,2.3209,65.5214,73.9754,3,7,2
3160,100.0,64.8318,80.4414,54.7487,0.0,62.0744,62.2332,3,12,2
1811,60.774,37.5868,71.1278,185.693,24.0824,52.4814,98.7382,1,5,3
2181,74.1761,63.4742,18.6949,40.0944,1.8272,99.6509,23.8223,3,5,4
1904,75.7275,77.3237,20.5443,59.302,1.977,60.1387,41.2624,3,12,2
3542,57.8945,26.3631,22.5351,63.5024,0.0,34.963,120.1064,2,7,1
1171,93.9753,77.5514,61.7095,108.7178,1.703,54.1049,98.0322,2,7,2
3455,37.9292,75.0,3.1442,102.2431,0.0,49.6184,197.0968,2,5,1
2340,22.909,59.1648,5.9037,101.5982,0.0,43.9415,104.1129,3,5,1
2622,29.0637,33.7066,75.5542,62.8437,1.4122,38.1222,92.933,1,3,0
2158,36.1125,49.6112,2.8844,63.8811,0.0571,34.9856,96.898,2,3,1
2011,97.2768,60.1319,64.0488,64.74,1.8598,76.9517,112.772,3,7,4
2286,43.8688,64.0661,4.6041,81.2262,0.025,41.6429,137.9366,2,5,1
1685,55.0,47.0481,43.1,94.3722,1.4385,86.0392,146.4725,2,5,4
1959,100.0,60.1639,23.8116,49.7742,0.7006,83.9687,124.9408,3,3,4
2997,76.0082,83.3719,42.0345,61.5889,0.2642,61.8649,85.7406,3,13,2
3688,23.4398,61.3931,4.2599,81.5553,1.0319,40.6904,114.2812,3,8,1
3442,45.0113,39.4725,51.1528,225.0936,10.0,42.8685,60.0182,1,10,3
2871,32.3761,50.1093,6.7827,89.0018,0.6364,34.743,157.8221,1,7,1
2735,44.1659,40.2269,12.9471,79.0461,2.3032,34.6079,146.1622,2,5,1
1923,92.6541,74.436,74.8492,86.4585,1.5458,59.205,76.5915,3,11,2
1082,66.252,64.1845,66.6932,24.0295,0.0,79.6145,100.0708,3,4,4
3610,5.753,27.5957,2.9507,101.7393,0.1676,34.9646,127.4688,2,3,1
3870,44.0157,17.1025,64.0993,5.4908,1.13,44.0415,68.9541,2,2,0
2995,67.1709,49.2195,39.6124,62.9454,0.0,76.2685,115.6158,3,7,4
3961,44.939,45.3076,25.0,78.7298,1.5461,42.4983,138.3367,2,6,1
2935,24.1682,34.7144,22.7444,91.2806,1.4216,29.4633,67.1454,1,5,1
2041,91.8935,63.7352,39.2243,47.7177,2.3429,78.6379,124.2918,3,3,4
1786,47.0731,34.5974,86.8283,52.2744,0.162,38.0763,1.0,2,3,0
1553,50.3573,50.2403,72.3503,14.2901,0.5292,35.1426,109.2056,1,1,0
1937,42.0736,50.2908,78.7881,13.5922,1.0405,46.8087,29.6364,1,2,0
2606,83.8729,69.1888,34.9623,75.0976,0.8634,94.8421,37.2064,3,8,4
3382,56.5024,61.2159,70.4381,166.4639,10.0,51.6049,27.852,1,9,3
3148,71.5392,76.1724,34.4947,52.1395,1.7025,87.9241,142.4161,3,5,4
1900,51.402,56.5023,76.8127,55.4923,0.9483,34.769,80.3498,2,3,0
2288,93.6699,81.7797,55.6309,49.2935,0.0,51.3124,25.6458,3,10,2
1987,70.9863,64.9026,24.9191,60.9498,0.404,77.2228,47.2322,3,4,4
3316,18.7756,63.5646,43.7736,296.4201,27.4459,53.2455,72.3289,2,4,3
3893,33.6459,74.4073,67.1145,31.004,0.0,61.9419,24.706,2,1,0
3265,39.5744,10.0,66.883,195.7721,37.7276,32.5103,94.6228,1,9,3
1859,86.1333,90.4923,86.786,59.1693,0.0511,58.9135,58.2154,3,7,2
3888,45.7047,71.1711,67.0202,153.3323,22.1818,39.9019,47.9229,1,10,3
1417,51.9437,68.2677,7.7058,62.263,0.2779,47.9946,129.0731,1,7,1
3167,74.1204,68.0041,46.5695,61.0416,1.1577,72.3208,87.904,3,9,4
2357,44.2834,23.4837,60.2551,211.9692,10.1771,42.4432,40.8574,1,11,3
1039,82.1758,80.87,15.0,52.1566,2.4689,58.667,52.796,3,9,2
2827,38.2908,42.1511,72.3988,65.4896,0.0,43.1129,42.0923,1,0,0
1144,83.259,64.941,63.5859,73.4468,0.6993,85.737,72.7804,3,3,4
2042,61.2185,53.9309,85.3974,240.3499,19.4076,34.3315,58.5854,1,4,3
3885,85.4468,77.3535,64.3275,48.1841,0.7762,84.2575,50.3972,2,3,4
3685,33.0527,45.134,15.3674,76.7767,1.4344,26.4781,105.5487,1,5,1
2749,95.0413,77.1441,79.4475,44.1933,0.3014,73.7192,65.4076,3,7,2
2841,35.3851,46.7701,12.3127,85.4507,1.4066,48.6668,62.5941,3,3,1
3280,31.6775,10.0,74.5869,285.0825,23.6483,42.4705,39.7701,2,10,3
3027,31.3473,60.4964,26.9027,249.8427,14.5116,42.7892,53.9736,1,8,3
3954,34.4896,36.9955,10.6724,75.6737,1.1955,49.8245,240.0,3,5,1
2821,27.6046,40.131,4.5028,69.097,0.2738,44.2812,188.2091,1,8,1
2178,29.826,37.4888,71.3613,92.2922,0.1636,43.0353,70.6086,1,0,0
2142,100.0,80.6312,53.5711,101.0183,0.774,62.7821,55.8433,3,11,2
2381,81.8227,83.1494,90.8863,60.6804,0.0656,56.222,115.9107,3,13,2
1688,24.2567,53.3124,12.691,87.6899,0.0,48.321,195.5976,1,3,1
3175,21.0409,47.7144,5.4709,42.3422,0.4653,47.5878,90.1292,2,3,1
3992,41.0819,41.8396,80.4819,89.7576,0.599,44.2983,26.5463,1,1,0
1491,59.9153,40.8922,45.3452,57.5482,1.1239,49.5553,79.0265,1,1,0
3135,75.7386,71.4359,57.9988,75.5275,0.8516,60.8898,72.0117,3,11,2
3099,72.0895,35.0,48.1708,98.3325,1.3339,68.0,54.0491,3,7,4
1784,46.698,38.6284,84.363,73.5715,0.4982,49.7553,90.5051,2,3,0
1848,27.1229,33.5044,61.5532,228.2015,29.8618,57.9906,96.1243,1,11,3
2269,13.8507,23.2244,0.0,99.693,0.0,41.4062,146.3703,2,7,1
2078,85.5387,77.0939,69.892,29.826,3.2031,53.6228,77.0432,3,8,2
1511,51.6669,48.5291,64.6638,10.6542,1.7605,39.1741,27.0351,1,2,0
1441,68.6588,74.427,44.2791,50.399,0.8388,71.6372,27.1944,3,9,4
3092,23.3435,28.6001,83.6641,85.5602,0.0,36.0759,27.3306,2,0,0
3450,34.4802,56.7541,17.687,54.7444,1.2108,31.9632,169.7136,1,6,1
3146,33.9899,38.235,12.3637,76.9781,0.2856,31.5841,130.2196,2,6,1
1752,88.223,77.9568,73.4018,97.825,4.1551,47.8241,45.2853,3,14,2
1694,77.704,83.8836,53.3044,24.3434,0.7612,85.0591,51.106,2,5,4
2806,55.0,53.4955,51.6493,20.0601,1.9842,79.5131,65.7277,3,4,4
2139,66.7957,76.3772,35.918,80.3198,0.3299,90.6336,76.7056,3,6,4
1839,87.0306,71.3731,58.693,88.1269,0.6128,65.1855,67.3062,3,7,2
1575,74.7338,49.7342,51.9128,20.5974,0.0489,79.2148,83.2518,3,7,4
3776,65.367,67.0052,25.5478,69.4947,0.0673,85.165,81.3916,3,3,4
3148,91.6353,90.5269,33.8102,45.3915,0.0,58.8819,38.4081,3,13,2
1313,9.7028,56.3809,17.4138,70.01,0.3067,50.5298,93.1938,2,7,1
2488,36.9447,45.7201,64.7167,181.3053,24.1332,27.3938,122.5722,1,4,3
3416,32.2074,61.9708,11.0281,85.9927,0.0,48.1432,127.6435,1,7,1
2209,12.5289,68.6878,65.0135,124.3129,1.2831,50.0278,66.5104,1,3,0
1609,61.4767,60.5791,49.4237,336.0737,17.938,48.501,62.3799,2,5,3
1827,78.0514,68.9975,87.0836,80.3332,1.2586,67.6575,51.7416,3,11,2
2284,21.7516,53.8432,57.6086,51.2119,0.1778,39.749,56.2595,2,2,0
1535,45.1697,46.1848,73.899,69.1583,2.0557,39.5642,31.7373,1,1,0
3429,74.3183,81.4391,47.2382,65.0275,2.1601,45.0,79.0992,3,14,2
2432,21.3188,22.4231,15.182,40.6867,0.0,57.4917,102.2495,2,7,1
2982,84.5926,50.7225,86.8074,126.4674,0.0,79.2618,83.6075,3,5,4
3579,90.9382,87.6882,42.2438,108.5047,2.5174,83.2603,89.7877,3,5,4
1393,73.5941,78.5809,23.0548,83.0868,0.3615,59.0138,119.5073,3,9,2
2338,89.6174,76.3379,49.5563,90.018,0.9732,68.5522,128.4446,2,11,2
2687,47.7883,72.6985,100.0,264.4737,28.0648,55.5139,75.2877,2,4,3
3208,43.516,37.7395,61.0708,68.3133,1.011,37.0283,27.204,2,1,0
1581,75.3045,58.3044,85.2641,49.3282,0.0575,82.6476,113.5053,2,3,4
3927,100.0,69.3672,57.1516,41.5134,0.0,65.6614,37.3837,3,8,2
1065,76.1342,69.5398,36.4322,31.4792,0.4396,56.7976,46.1488,3,10,2
3738,45.7756,47.7609,60.3823,76.2885,0.0,36.0586,38.1225,2,2,0
3834,33.7706,52.4309,72.2098,150.0,14.8375,38.7167,1.0,2,9,3
2726,84.0387,96.1173,62.438,84.2853,0.2648,83.313,51.1425,3,9,4
2714,93.3077,55.8185,77.9438,99.6991,0.7475,84.1751,128.1578,3,4,4
3479,23.8299,32.6667,40.9142,218.5955,10.0,60.7431,42.7241,1,7,3
2309,90.7956,66.5296,67.9944,33.9667,0.6872,65.9496,49.986,3,13,2
1177,89.6806,64.7024,61.8262,99.0523,0.5233,84.0371,73.6984,3,8,4
3987,14.9681,48.5938,11.4366,107.9685,0.1122,34.513,136.2703,1,7,1
3958,82.9312,57.3289,37.7029,104.9355,1.3628,64.7975,93.7678,3,8,2
3480,21.0013,33.1525,70.0155,195.7028,29.9788,52.0424,1.0,1,7,3
3785,30.8252,39.1445,21.2674,92.1384,1.0322,43.4823,164.773,2,4,1
3922,25.8871,46.1694,21.053,51.4402,0.8356,60.3793,72.65,2,8,1
1776,65.6596,78.3537,85.249,71.154,0.0,69.5504,88.0166,2,5,4
1604,33.4252,30.8682,25.0,96.6486,0.0,39.9562,102.7281,1,5,1
3187,80.6032,66.409,54.2279,72.0639,0.4456,64.0217,99.8545,3,7,2
3270,32.7054,75.0,77.2894,43.6509,0.0,40.9278,72.7333,2,1,0
1974,65.5201,47.8297,52.3553,68.9888,2.5037,77.0388,28.3386,3,6,4
2887,3.8512,25.1927,84.1379,53.1574,0.4282,47.1601,86.1352,1,1,0
2068,90.5083,84.6097,36.3479,45.7488,1.9872,58.6362,41.473,3,8,2
3507,19.0821,10.0,5.503,50.2528,1.5122,30.9348,112.7924,3,3,1
2807,73.031,97.0347,65.6694,52.9468,2.8969,61.2286,57.3372,3,13,2
1033,25.2986,43.8119,0.0,68.724,1.4341,40.7163,84.6216,1,7,1
3457,46.4545,21.8456,75.7192,116.9358,0.6133,44.1242,1.0,1,1,0
2720,26.668,23.7347,73.0563,99.2834,2.0608,35.3893,63.6804,1,2,0
2540,32.6967,42.9343,11.3026,47.4802,0.0,48.1122,118.2874,3,4,1
3912,60.5891,38.7032,0.0,53.2471,2.3658,49.7604,129.4288,3,4,1
2848,41.4922,27.7163,81.6149,94.2196,0.4991,36.995,30.7165,2,1,0
2493,52.3363,53.1786,0.5899,44.6258,1.6598,49.9512,239.1132,2,3,1
3947,68.1992,46.9157,34.4024,120.0011,0.1738,72.4774,33.9279,3,4,4
2923,78.7697,75.0356,67.1603,55.9167,2.1694,56.3467,76.926,2,13,2
3061,34.1609,52.6784,2.385,92.9158,0.6749,41.411,165.8956,1,4,1
3239,20.2677,20.1099,65.432,150.0,10.0,35.0303,54.68,2,11,3
1758,70.0,61.0785,0.0,78.7334,0.0,51.1522,148.5264,2,7,1
2993,70.3271,86.5737,61.4,63.1908,1.9937,90.8146,131.1731,3,5,4
2057,43.4901,21.5478,68.9559,44.5988,0.5088,36.666,73.0744,2,2,0
2705,11.8839,47.1881,11.2898,65.4715,0.6378,41.4324,149.098,1,3,1
1962,73.3089,45.3266,82.2146,87.8769,2.1193,84.7267,91.2589,3,8,4
1031,49.0574,36.2824,46.3033,230.3162,18.677,39.4711,51.0763,1,4,3
3356,13.1806,49.9754,23.7524,63.3525,2.1117,39.7975,180.0144,2,8,1
1383,56.6751,31.2583,62.5011,184.1493,11.9,52.0065,85.6085,2,4,3
2305,44.4926,47.1775,9.1377,27.9667,2.0158,39.5518,117.6274,3,5,1
2280,36.4097,29.6658,89.8562,23.3454,0.0,32.0101,58.4256,1,1,0
2322,50.0959,57.8201,6.2587,41.5713,1.9522,57.7873,145.8181,1,8,1
3674,70.4688,64.5529,49.1395,49.9044,0.8329,79.0972,88.7569,2,9,4
3402,76.8829,53.993,23.5778,123.6386,0.0,90.1408,73.4358,2,5,4
3643,73.7372,68.2897,63.2518,62.4642,0.9219,80.7225,62.3412,2,5,4
1528,35.4613,23.6741,9.5937,84.1201,1.192,30.6928,104.6021,1,6,1
1567,52.6658,45.5192,48.1935,44.5956,1.1159,42.9976,18.9584,2,0,0
2342,40.7973,36.2269,50.593,73.2673,0.4841,39.4957,59.4513,1,3,0
3622,53.0714,54.2289,65.8178,60.8174,0.1991,45.8824,92.6929,2,2,0
1726,63.9105,45.5206,13.1891,56.1537,1.5064,38.518,103.4954,1,7,1
2834,11.1054,72.206,0.0,93.3401,1.9009,40.3489,181.8922,1,4,1
1779,60.0542,38.2315,12.3093,18.5653,0.0,37.8331,153.8364,2,7,1
2557,80.3606,65.8252,100.0,80.6621,1.1018,61.7211,86.5766,3,12,2
2090,41.5065,51.7684,8.8051,52.6604,0.2862,43.1166,172.8525,1,3,1
3081,10.7345,35.4508,62.2415,62.3089,0.0,39.8771,52.1041,1,2,0
2431,85.2182,91.0814,70.2657,19.8964,0.3791,64.5318,118.7513,3,14,2
2285,22.2494,69.7881,90.9134,255.9885,32.704,40.3985,71.0902,1,5,3
1294,89.471,63.5888,55.9704,91.2896,1.5312,91.6285,97.0343,2,7,4
2168,34.4494,66.9476,16.9817,17.9031,0.9866,55.7646,94.5656,1,6,1
1305,42.043,35.6794,7.2686,71.023,0.0,36.3985,112.2881,1,8,1
2084,19.556,74.8404,2.3431,62.4697,0.0,48.0385,148.702,3,4,1
1828,90.6431,71.1395,36.3363,55.3395,0.0,63.8244,59.6566,3,14,2
1244,43.808,41.9405,45.8313,229.2533,16.4612,26.1928,118.852,2,7,3
1059,64.519,61.7182,71.1553,150.0,19.9487,56.3087,59.9186,1,10,3
2920,38.2983,41.5386,85.266,268.4742,24.7157,46.4085,77.5621,2,5,3
1061,31.3625,60.9792,14.251,32.3334,1.4969,48.5191,106.9913,1,7,1
3324,42.8477,43.7272,88.7925,51.1326,0.5953,37.1331,17.8728,1,1,0
2286,44.3368,72.7174,86.5095,43.9614,0.0719,49.9669,92.886,2,2,0
1550,53.4322,40.5314,18.2048,28.8423,1.4145,50.1387,99.1731,2,3,1
2416,50.2483,56.6867,100.0,271.6134,25.6091,41.7246,150.0,2,8,3
1726,34.0007,71.2432,52.8363,244.4438,21.3627,44.1231,105.0636,2,6,3
1905,16.0831,20.5401,6.8329,58.1726,0.0,35.1779,118.5585,2,3,1
3271,64.6234,44.5753,5.5534,77.5829,1.5623,39.6097,91.6645,2,3,1
3724,38.6803,41.4857,25.0,64.359,0.0,54.7954,224.0926,1,5,1
2547,74.9979,80.2545,37.2759,34.9516,0.0668,86.228,46.9666,3,8,4
2910,18.5123,24.0681,56.1844,265.7629,23.88,43.7941,43.4956,1,10,3
3572,44.8052,32.9325,12.5188,50.3244,1.7799,33.5872,103.5765,3,5,1
3064,29.4299,57.3563,55.9861,39.6652,0.0,38.0453,12.4008,1,3,0
3867,72.0862,89.3668,55.7933,102.0898,1.2643,97.502,87.583,2,8,4
2840,48.6687,42.2648,64.0335,238.0591,14.8074,44.5246,65.2131,2,5,3
1219,39.2511,66.7677,91.8743,53.4793,0.0,25.6422,42.0338,2,2,0
1088,7.1597,36.947,7.1785,106.859,0.9725,49.9473,209.3982,1,6,1
2126,56.9346,40.7067,60.1121,62.1991,0.0,45.8945,11.2776,2,2,0
1911,77.6569,61.5999,64.8425,93.8963,0.2134,74.9419,130.9617,3,6,4
2895,61.0573,42.2374,88.9103,1.0,0.0,34.6364,72.4054,2,1,0
2233,72.8487,100.0,77.9031,43.344,0.0,85.5541,68.3561,3,3,4
1730,30.9646,46.5519,0.3286,33.4606,1.4913,42.7117,62.6886,3,4,1
1308,57.3329,75.0,59.715,241.4164,14.4606,44.98,33.0967,2,5,3
2123,7.2879,41.6669,40.8694,260.2154,20.7856,44.1539,71.3306,2,5,3
1425,57.2172,45.5584,69.1567,80.8631,1.6373,39.3205,56.0497,1,2,0
1943,84.3118,87.4685,28.3781,49.286,0.5631,60.599,50.9169,3,7,2
3686,56.0148,68.0265,75.2826,153.1868,0.0,78.8927,77.1411,3,5,4
2903,20.6887,50.4821,76.3506,35.1416,0.3749,44.6957,1.0,1,3,0
1209,38.6942,20.087,6.823,68.6873,0.6604,41.1804,134.4397,1,4,1
3110,72.5009,70.584,58.5666,61.2154,0.05,63.1949,65.3268,3,7,2
1220,86.2677,75.0609,43.1249,58.8861,0.4694,82.5843,110.4985,2,5,4
3752,39.1933,71.7775,100.0,65.3826,0.8112,37.1341,43.1774,2,0,0
3549,90.499,65.8491,58.4024,40.7176,0.9599,81.4912,39.1285,2,7,2
2937,52.6353,69.2016,8.995,60.2964,0.0,47.9893,65.9204,3,6,1
1362,88.7351,65.5287,47.1746,81.4426,2.2422,78.6739,84.2589,2,7,4
3182,86.1191,64.2481,50.3378,30.3819,1.8299,70.7567,27.4684,3,13,2
2099,42.8196,39.5463,100.0,79.7227,0.474,48.8069,65.1095,1,2,0
2475,63.8019,61.5434,35.7327,108.4323,1.0091,83.4637,92.3086,2,9,4
3291,81.659,78.6969,47.8439,41.3849,0.9326,48.7293,23.2886,2,11,2
1824,16.1859,50.9308,72.2738,175.5116,24.4252,50.9929,20.4751,2,11,3
3265,30.9765,41.9471,76.3555,183.1169,16.1029,38.0943,40.5369,2,4,3
1465,22.1686,56.5098,48.1665,34.5694,0.2029,45.3031,68.9713,1,1,0
2403,77.5653,35.0,57.957,46.7524,0.6056,74.3127,71.0133,2,7,4
1261,42.4903,65.8988,74.1351,257.6799,16.3918,46.6667,110.7969,1,11,3
1220,51.7566,75.0,16.6582,68.3484,0.0643,59.7639,114.6915,1,3,1
2543,77.5739,62.2225,51.8815,98.285,0.8387,68.5994,84.3076,2,5,4
3826,65.855,33.8085,61.9213,69.7681,0.0,30.6236,35.6935,1,2,0
1397,38.0505,34.6961,16.9319,90.7853,0.9224,31.6221,87.7066,3,6,1
3226,29.7885,37.1483,20.2045,52.6946,2.9867,55.2534,60.0,1,5,1
2550,27.8258,25.0178,13.6035,81.8039,0.605,39.9027,60.0,3,3,1
1348,31.2383,36.6935,0.0,80.4779,0.7353,44.2215,60.0,2,7,1
2510,59.59,44.232,90.3905,64.2656,0.0,34.1036,61.2532,2,1,0
1612,16.9921,46.5383,62.6309,17.1379,0.0,58.4944,69.8758,2,3,0
3182,100.0,97.163,21.5413,64.9164,1.3713,77.7939,55.9817,3,3,4
3615,90.7737,72.0928,44.1335,69.534,1.6434,84.3485,114.6572,3,8,4
2145,38.0348,41.9585,10.5493,55.4623,1.048,34.6929,113.4297,3,7,1
1562,71.8765,75.3438,75.8298,102.4816,0.5374,76.7836,99.1866,3,7,4
3922,76.8191,65.0483,29.3435,87.9874,1.1136,83.1659,63.9264,3,9,4
2530,100.0,79.5244,100.0,118.7839,1.0429,74.9606,108.2924,2,5,4
1774,30.8061,47.5148,18.0516,86.4849,0.0,35.7101,72.6782,2,3,1
1362,78.7499,56.4571,61.1061,77.4326,0.8499,84.0488,92.1763,3,6,4
1154,47.7518,48.7082,53.6996,271.8994,24.0744,39.6743,7.6503,2,6,3
2277,99.4491,88.3664,29.696,100.0543,0.1486,59.868,34.0999,3,14,2
2002,45.5313,55.7073,44.8407,76.6088,0.0,36.9523,85.7478,2,2,0
1951,72.2123,60.887,88.9028,76.8183,1.9775,81.1438,67.8896,3,4,4
2813,43.0508,52.0963,63.3451,55.5909,1.78,54.8439,52.8296,1,2,0
2988,12.3878,50.2002,12.3727,56.5386,2.8694,44.6352,131.9948,1,5,1
1941,55.0,81.5539,48.3787,61.8961,0.0,95.2779,83.2414,2,4,4
2463,91.8173,53.3257,77.7215,99.1518,0.308,68.0,40.3914,2,7,4
3751,89.9056,55.0,37.8818,29.5867,2.3776,55.5477,122.0383,3,12,2
2690,35.4847,47.4703,15.6913,48.6702,0.5899,43.8164,97.3332,1,7,1
1078,43.7817,57.6689,49.9364,278.2526,20.0707,29.6216,60.5103,2,4,3
1440,37.939,75.0,0.2113,81.1965,2.3922,38.2722,166.9226,1,8,1
1753,43.4234,45.4366,58.3283,23.2047,0.3759,37.2642,42.3253,2,2,0
3587,46.7132,64.8349,74.1091,150.0,14.3604,32.2637,53.2777,1,8,3
1499,86.3312,79.9698,65.0634,73.1595,2.2748,63.5982,28.9037,3,11,2
2837,55.0,77.5498,42.7058,106.6742,1.2244,86.583,99.3655,3,5,4
2756,63.1424,51.7433,46.858,62.7061,1.3554,80.9483,104.8419,3,4,4
1963,50.4035,52.6384,28.7899,304.3282,10.0,44.9021,51.5653,2,7,3
3490,24.9576,46.6567,72.5698,297.4039,26.0493,41.2563,52.9689,2,9,3
3658,70.0,84.9536,72.0923,86.3355,1.0163,68.299,146.7697,3,14,2
3409,30.9645,42.8628,13.4174,85.8033,0.0,33.9734,121.6323,1,8,1
2281,25.5686,43.8397,61.5198,48.613,0.9578,49.4912,1.0,1,1,0
2508,9.343,43.176,0.5593,53.5031,2.0515,54.4875,158.2595,2,5,1
3370,78.5554,63.0506,86.8761,48.194,0.4762,78.3873,47.432,2,3,4
1888,54.3076,55.5686,2.4281,36.7947,0.0,49.522,88.8323,1,8,1
3215,79.3098,41.0301,53.8785,51.8217,0.5705,80.8806,68.0799,3,6,4
1951,96.7117,72.8963,45.7447,72.6166,0.415,63.6969,95.275,3,10,2
2292,42.934,40.6431,10.1318,57.6832,0.0,51.1108,139.3087,2,4,1
2010,82.8712,71.5034,17.8662,46.7306,0.0,67.1738,137.7631,3,14,2
2713,73.1675,92.4458,54.2232,78.0454,0.3045,78.2405,75.7247,3,7,4
3451,83.8634,78.9827,49.2252,117.5865,0.307,64.4719,1.0,3,10,2
2763,86.0135,73.5224,42.0268,84.7445,2.4552,75.5906,44.815,3,8,4
3651,82.3389,85.9406,60.1314,59.6189,0.0,57.7111,2.0805,3,12,2
1305,81.2066,72.7908,44.3213,58.2591,1.9889,80.8686,64.134,3,4,4
3848,91.4349,79.4399,70.9143,67.8195,0.0,45.0,74.2889,3,14,2
2701,25.5232,63.745,66.3329,64.108,0.7872,41.5875,36.6764,2,1,0
2843,85.6404,92.5159,68.7104,53.0621,0.4126,59.123,140.2727,3,12,2
2863,52.2107,60.23,4.7008,79.8659,1.6601,46.5478,60.0,1,6,1
2303,71.6704,67.9266,47.2625,81.7387,0.7923,74.2795,92.4177,3,4,4
1989,35.6628,48.6171,18.907,65.1935,1.803,41.8492,240.0,3,3,1
2242,51.8119,66.4881,60.8765,224.3847,24.5351,25.0,1.0,2,11,3
3492,56.2705,27.41,85.0347,308.9797,29.3025,36.9041,62.028,2,8,3
2820,30.0573,33.5648,54.4713,201.244,23.5485,49.3247,92.5261,1,8,3
2650,45.9966,31.2727,54.638,48.7507,0.0615,58.106,18.1386,2,3,0
3983,77.6794,61.5682,37.3551,91.8602,2.1437,85.5316,85.443,3,4,4
3195,63.9784,68.9343,91.2136,48.3046,2.0801,92.915,62.8416,3,9,4
1440,25.1971,45.4663,66.0713,131.436,0.0,49.729,39.5489,1,2,0
2438,51.0627,44.1457,83.3078,56.7493,0.8876,50.4212,26.5643,1,0,0
3238,79.9861,85.9297,85.0115,29.82,2.398,80.941,72.9816,2,9,2
3338,86.5533,61.5078,66.8691,132.0856,1.4575,64.069,69.7812,3,9,2
1079,83.4902,92.6264,62.9652,74.4248,2.3619,56.9954,33.2698,3,7,2
3657,22.3508,40.257,88.6375,19.7798,0.6684,33.8108,61.9857,2,2,0
3033,52.825,24.2586,18.8615,85.8238,0.0,50.164,134.0486,2,4,1
2052,85.5785,76.9093,41.4397,129.8977,3.3143,66.2982,108.6971,2,12,2
1630,27.8794,51.5829,84.6783,219.3452,14.5944,57.9427,82.8538,2,6,3
2366,41.9713,49.736,68.4117,181.466,29.9758,36.2438,37.5334,1,8,3
3046,34.0939,54.5087,50.6735,75.1198,0.0,50.4148,117.1649,1,2,0
3988,33.4507,58.7912,7.2593,59.5623,0.5812,43.989,126.841,1,3,1
2801,46.5442,18.0016,53.1001,207.552,14.4421,42.2043,98.1707,2,10,3
3845,97.7941,76.1066,63.7625,84.1994,1.5429,69.0127,13.8975,3,11,2
1321,52.7408,55.0318,60.6877,196.006,23.0039,31.5819,41.6779,2,4,3
2286,77.0258,42.8473,72.4189,56.3823,0.9109,85.9767,107.0989,3,3,4
1398,69.2652,46.6447,80.0445,76.8786,1.5948,57.5269,61.9731,1,2,0
1052,61.033,51.4298,52.9188,260.9693,31.0184,27.1226,67.7521,2,8,3
1377,93.7636,65.6052,24.0974,57.2179,0.0,68.5617,48.1594,3,12,2
3573,41.5456,49.871,100.0,172.7372,19.0536,31.5495,66.8386,1,7,3
3837,46.6569,60.1095,9.8773,84.0834,1.0151,44.2406,155.1913,2,4,1
3916,73.4285,57.4099,30.5612,70.6883,0.6737,81.8702,123.3619,2,4,4
2651,44.3113,22.9521,6.3307,96.3852,0.0,40.913,165.8527,3,7,1
3646,42.0025,55.8954,44.3332,275.3837,18.1693,26.1981,53.2223,1,10,3
1054,70.0974,44.2352,31.1494,49.3183,0.997,87.7599,44.9485,3,3,4
3382,85.2992,76.593,50.178,73.6567,3.2359,56.2948,1.0,3,11,2
2753,43.4825,44.1238,59.1936,66.8216,0.2221,44.6442,14.4872,1,0,0
1293,94.5644,72.2478,42.4125,12.118,0.0,66.0718,22.5571,3,12,2
3402,88.4235,73.8921,30.6639,70.0673,2.2772,72.2199,39.1975,3,10,2
2472,20.6037,25.2515,79.4573,295.2482,16.1817,47.5115,52.4486,1,6,3
3132,50.8888,61.6718,61.2619,305.6919,27.9958,44.3884,54.0416,2,6,3
1456,94.1653,59.3079,59.2498,36.1315,0.6242,89.7836,71.9547,3,5,4
3657,14.6623,55.8907,88.1794,198.3402,24.8172,49.3482,40.8229,2,5,3
1352,26.9746,56.4501,9.5727,69.4413,0.0,37.8136,115.1666,1,8,1
2852,31.6193,42.032,50.0284,191.7443,15.9482,47.2916,58.7659,2,5,3
2422,82.2384,43.185,21.0113,33.9307,0.0,92.3718,61.8849,3,5,4
3610,94.1612,72.8972,50.5366,61.3382,1.0749,86.569,153.5664,2,3,4
3294,40.6443,50.8444,29.9568,265.6082,21.8175,46.0027,101.7377,1,11,3
1006,27.2269,54.7987,69.8791,84.2752,0.1822,42.7161,36.7606,2,2,0
3604,39.203,38.1074,41.2242,230.0031,30.8493,39.4992,52.7514,1,7,3
2019,83.4916,98.1736,70.4952,102.0193,1.3744,45.0,25.5484,3,7,2
2788,30.8185,71.9639,76.9027,41.196,0.2505,48.6849,1.0,1,0,0
1049,100.0,92.075,80.4564,76.856,1.4365,64.7957,113.258,3,12,2
3177,33.424,42.0402,74.0737,184.1352,13.7981,46.5004,52.8112,1,8,3
1478,86.679,72.0452,82.6347,134.7671,2.0056,77.2426,60.6407,2,14,2
2489,93.1683,56.0858,35.7776,57.173,2.1895,85.8973,63.2563,3,4,4
2202,83.7375,93.0906,56.2834,70.9271,1.0166,75.7403,109.2833,3,6,4
3996,39.7301,69.2915,7.4936,91.5633,2.9222,45.7156,226.293,1,5,1
2794,88.3145,72.6176,56.8595,72.1465,2.5023,66.8486,54.316,3,10,2
3162,65.7573,59.5595,77.2079,101.3475,0.893,83.6133,94.4244,3,7,4
2626,42.7485,45.6632,90.7314,64.9595,0.5662,34.1512,40.1183,1,1,0
2214,30.5877,48.2841,0.1344,30.0975,1.3286,35.2424,113.887,3,3,1
1020,53.3774,33.7444,0.0,60.2444,1.0676,28.3204,148.4485,1,6,1
2928,46.6696,68.1126,51.0117,203.5676,14.2731,43.1507,47.8789,2,7,3
1480,19.8215,31.1762,83.4858,150.0,23.842,38.1187,73.6816,2,7,3
1725,34.0809,60.8884,69.2625,57.7115,0.7295,40.3484,18.337,1,1,0
1501,48.2259,53.2187,89.4088,296.9005,12.1116,55.3031,90.4147,2,10,3
1209,1.5001,45.5787,55.9245,80.4691,0.2074,46.4316,18.3096,2,3,0
1617,43.4711,42.9529,5.8427,52.875,1.3932,53.6855,89.6287,1,8,1
1289,37.3058,44.1108,71.176,46.5116,0.2923,45.1919,57.5961,2,3,0
3971,43.3,10.7889,71.6663,11.9624,0.329,47.5012,78.0533,1,0,0
3220,41.3588,50.1691,68.939,70.8502,0.4297,39.5504,43.3803,1,1,0
3108,36.521,33.3847,4.6871,50.4362,0.006,33.2868,175.8476,2,5,1
3728,2.6326,43.4532,74.4533,273.7347,44.867,52.9386,66.4878,1,7,3
2822,71.3896,78.0782,81.4857,86.8996,0.2096,61.0311,54.3302,3,13,2
3225,82.5811,94.4755,55.4221,54.8585,0.0,50.5541,9.0196,3,9,2
2014,85.0867,74.7097,66.5712,76.8616,0.4501,55.4481,115.6453,2,14,2
2158,73.113,92.1267,67.8066,58.7782,0.0,88.1845,100.3753,3,3,4
3281,93.4621,66.9125,39.9675,107.3176,0.7842,53.7291,38.0817,3,7,2
1656,55.0,72.5055,77.7418,69.859,2.8087,94.5026,104.1364,3,3,4
3739,20.6427,61.4903,13.6149,105.4574,1.3439,49.5227,167.9575,3,4,1
1679,84.6237,77.8036,79.7945,89.8103,0.0853,55.7696,74.7767,2,8,2
3247,84.9218,82.2536,29.6602,30.2577,0.0,85.6979,116.7884,3,5,4
1138,76.9925,89.0369,21.7746,55.7659,1.3453,60.9293,24.4289,3,7,2
2757,41.0347,44.5496,0.0,77.3148,1.745,39.4202,81.398,1,7,1
1913,91.7414,64.4072,60.0322,99.7512,1.642,66.6961,56.3984,3,8,2
3943,27.704,22.177,96.712,258.7222,25.8024,48.6782,62.4357,2,10,3
2523,48.9084,45.7046,10.4472,54.6127,1.5149,36.6816,156.213,2,5,1
2629,24.4002,36.3369,64.7071,71.0614,1.2842,47.5015,120.0,1,3,0
2520,51.4473,61.6867,64.2019,182.1833,16.6207,30.7759,37.7586,2,8,3
3960,30.5428,28.7416,8.7947,79.1589,1.8626,47.2414,162.9256,2,7,1
1885,82.0127,66.6249,73.1344,99.7258,0.8699,62.2674,98.5003,3,10,2
1262,84.1763,59.604,73.0272,85.0022,1.2473,55.5191,88.4023,3,12,2
2262,79.3994,66.765,63.0604,59.2065,1.6915,75.8528,83.061,3,6,4
1844,100.0,68.8564,38.0533,98.2598,0.3996,73.3009,76.837,2,3,4
3488,91.4391,77.278,47.5859,68.7561,0.0,67.9062,108.8282,2,8,2
3846,36.1253,54.4892,71.7152,285.5021,23.2018,35.1504,67.3652,1,7,3
3391,45.7495,35.2841,14.0765,50.9105,0.2928,40.0036,128.6949,2,5,1
2377,76.751,100.0,35.2498,43.5216,0.9239,77.5763,158.2699,2,5,4
1375,96.7365,75.795,26.8977,67.4151,1.2072,73.4703,60.2159,3,9,2
2617,44.1857,66.3388,96.6093,235.5049,10.0,53.9938,1.0,2,4,3
2836,24.8803,35.463,8.7314,94.2624,0.0,50.8049,200.5344,2,7,1
2172,43.5505,54.6677,19.6244,57.3497,0.0577,46.64,111.4733,1,8,1
2648,84.9477,82.6265,52.4218,65.5417,0.0,69.9765,27.5461,3,10,2
2251,29.5386,52.9412,91.6804,62.6884,0.6295,36.64,30.4611,1,2,0
1011,49.1443,43.5625,9.018,81.2685,0.8168,46.3038,146.4752,1,8,1
1303,100.0,100.0,35.9843,106.7731,1.6486,58.9878,15.7358,3,7,2
2479,97.0642,73.687,44.4296,56.2256,3.9164,58.2233,21.514,2,10,2
1939,27.009,11.9573,0.0,53.8145,1.6517,44.7671,119.1598,2,5,1
1961,100.0,69.5398,54.612,50.4603,2.7661,77.3995,83.9063,2,11,2
1613,83.5293,60.0473,25.5898,47.2609,1.4109,69.1274,11.4125,2,9,2
3637,42.8108,30.2193,10.9538,30.1679,0.0,37.7521,111.1771,3,5,1
3674,98.8626,66.1069,60.0235,65.53,0.729,76.1799,110.3071,3,8,4
3949,73.2541,43.7899,22.8917,56.662,0.0318,88.0094,53.3939,3,7,4
3994,78.9713,86.8246,53.8606,61.8667,2.3731,69.4724,33.8368,3,9,2
2759,100.0,92.8778,15.0,60.8736,0.1683,60.9952,26.1495,3,11,2
2966,87.5083,85.3602,15.0,72.6957,0.9695,50.5146,67.2121,2,12,2
2613,45.8033,48.4351,76.6737,223.6918,26.6258,41.7282,60.8506,1,5,3
2635,99.4603,86.4212,45.1482,68.6742,0.0,47.9631,70.4919,2,12,2
2943,20.1422,31.6273,67.137,199.9451,10.0,53.7474,72.3155,1,5,3
1496,100.0,88.7397,75.2835,68.756,0.7892,48.3507,102.216,3,7,2
3484,79.9187,71.4732,22.5566,91.9177,1.6596,59.6912,88.2128,3,14,2
2086,100.0,72.9631,45.6509,37.9897,2.2955,56.5159,1.0,3,13,2
2023,77.43,61.6706,48.0768,92.6712,1.6153,76.3852,101.8864,3,8,4
2888,100.0,71.7726,73.8365,91.4729,0.6682,90.5473,115.3616,3,8,4
3714,90.6399,84.4783,58.3546,108.6662,0.0,64.1662,36.5067,3,8,2
2959,31.936,48.0741,15.3714,73.2329,2.5763,43.1966,159.9584,1,5,1
3907,16.8066,10.0,9.6663,76.5717,1.4252,44.2513,115.0337,1,5,1
1470,65.7563,76.1896,90.2736,50.7963,0.7213,87.6736,81.2487,3,8,4
1462,76.9712,85.4564,59.9461,84.3152,1.9143,54.5382,136.7264,2,13,2
1726,64.528,66.0889,98.034,67.712,0.2227,84.6552,136.3209,2,7,4
3952,72.3014,74.3527,65.8085,14.0193,0.0,83.0118,18.1314,3,7,4
1753,69.7807,53.023,32.9471,61.994,1.3722,82.9297,156.3656,3,7,4
1855,42.2484,59.2541,92.1505,185.9794,31.7258,32.3751,29.2801,1,5,3
1566,90.1189,81.9184,39.1698,87.0396,2.338,72.1377,56.1766,2,9,2
3997,36.9467,45.967,15.9534,57.9241,0.0,30.6301,153.5428,1,8,1
1663,81.3824,40.1609,64.3799,85.3616,1.264,82.0465,99.9353,2,5,4
1547,38.1296,47.9565,21.7621,18.8876,0.7025,43.0592,91.1791,1,7,1
3015,14.703,70.7819,66.1705,96.9866,1.8141,43.4164,45.6166,1,3,0
2432,100.0,93.2827,83.9724,51.7316,0.3984,61.0137,104.0291,3,11,2
2243,68.4413,77.069,16.6525,56.242,3.2191,84.1637,56.0272,2,5,4
3524,64.5864,74.0591,51.0187,67.2824,0.1147,84.4959,58.822,2,4,4
1531,68.8122,69.7494,46.1193,56.6699,0.0,85.5003,98.4589,3,8,4
2382,86.0494,72.9809,46.0433,58.4982,0.9711,57.769,70.9509,3,9,2
2292,41.1283,20.8964,59.515,262.0819,10.0,54.4386,44.7356,1,8,3
2529,18.2933,33.2638,84.6822,45.4602,2.2685,32.9298,26.3073,1,2,0
3216,28.3621,50.7797,8.0585,67.9605,1.3616,52.1028,68.4379,2,5,1
1078,28.517,22.3901,56.1427,72.0084,0.0,40.641,9.6359,1,2,0
2311,58.3294,54.616,67.911,86.181,1.9482,68.9082,196.9383,3,9,4
2580,0.0,41.4347,10.1007,10.3427,0.0,45.8026,130.2568,3,6,1
2976,100.0,90.4309,42.8036,35.4929,2.0497,61.2739,84.9998,2,11,2
1109,29.4951,31.7874,89.4652,150.0,12.1054,42.5081,38.1032,1,7,3
1357,63.3825,71.3717,0.0,62.9654,0.8005,39.8211,88.4925,2,3,1
3260,27.3515,43.0166,75.8386,57.6451,0.0,45.8375,25.0472,1,1,0
2852,32.9234,71.9156,69.3924,35.0214,0.0,35.6346,40.8523,1,0,0
2991,84.486,80.0165,46.3604,48.2437,1.9265,72.7804,34.345,3,5,4
2382,45.378,37.7303,15.1998,78.1223,1.5565,39.3296,60.0,1,8,1
1978,43.4382,46.8177,75.579,60.3518,0.294,39.9182,42.6284,1,2,0
1109,85.6656,35.0,46.2794,44.5098,0.0,78.4548,78.6217,3,8,4
2993,55.0,76.798,55.9136,91.8101,0.0,91.6064,99.3204,3,3,4
1790,27.9499,61.256,0.0,71.3548,1.1681,50.137,96.1113,2,6,1
3395,82.7164,62.1712,49.9637,60.4147,0.0,90.6379,83.9922,3,6,4
3135,94.8505,88.6643,52.5371,76.8243,1.9669,69.9745,63.8788,3,10,2
1939,94.1742,81.5843,38.018,106.2631,2.0611,79.1448,124.3459,3,9,4
1153,55.5612,41.2737,10.8088,27.5464,0.0,46.2481,136.1921,2,5,1
1957,98.087,74.3296,57.7894,47.141,1.8721,57.8291,48.5956,2,11,2
3542,61.6158,52.1639,53.3536,73.4591,0.9428,73.7768,47.8421,2,8,4
2006,62.333,43.5181,39.483,315.4007,21.1429,37.1426,53.9047,1,4,3
3439,62.9806,55.4933,68.0547,63.7249,2.4386,82.5898,109.1418,3,5,4
2762,20.5054,10.0,93.1331,274.0044,10.4642,42.4321,64.3265,1,7,3
1815,41.0786,33.4831,4.6091,38.3866,2.5297,29.5781,127.5275,2,7,1
3952,100.0,74.4801,97.6666,83.1677,0.9297,64.1147,149.2972,3,13,2
1304,77.4816,62.2916,50.3353,70.5038,1.5063,75.4745,77.2746,3,4,4
1193,29.2078,53.9752,74.1213,1.0,1.317,47.0867,26.6563,1,0,0
3607,32.6297,32.9784,8.9922,62.3786,2.444,45.9694,122.7946,1,6,1
2447,12.1277,40.7212,40.4404,162.3913,10.0651,38.2512,79.8325,2,9,3
3501,45.0636,32.3243,89.738,48.7012,0.065,37.4106,40.4268,2,2,0
1911,16.3519,61.3216,53.6756,273.3261,10.408,48.564,150.0,1,8,3
3010,63.1852,46.9132,35.396,200.385,30.0331,39.5149,91.287,1,4,3
3190,37.6408,72.7269,53.0177,216.9725,10.0,26.6043,7.8483,1,11,3
3638,74.8561,60.4892,63.5744,60.6269,1.2477,57.0775,53.1705,3,12,2
2209,64.0638,23.7474,38.7872,75.0752,0.8724,34.2799,72.33,1,2,0
3256,41.7592,54.4846,49.9064,150.0,13.1055,27.1499,51.1678,1,6,3
3268,38.9629,39.9475,76.8602,43.7684,1.1023,43.0928,40.3706,1,2,0
2431,80.0329,79.9217,43.7134,49.5512,2.2581,59.3681,46.1729,3,7,2
2302,40.8153,67.1891,50.8505,36.7232,0.4132,28.1871,18.9767,1,3,0
1681,72.7438,42.2542,60.1038,75.5814,0.0,77.8667,65.6041,3,6,4
3917,87.4997,70.6962,55.4888,43.6952,2.3082,62.3615,55.4146,3,8,2
3826,11.2368,23.2473,7.5402,102.6692,2.0755,56.91,122.9953,2,3,1
3769,82.0616,89.6286,44.6385,52.748,1.4898,66.3367,79.9923,3,10,2
2859,89.1304,71.8207,54.1781,52.3013,0.9878,87.3649,66.1102,3,4,4
1183,27.2477,34.4357,100.0,186.0893,23.3591,44.6341,59.1871,1,7,3
3321,16.1079,48.1452,9.6044,56.9673,0.2348,34.652,120.7587,1,8,1
2278,96.7633,96.4225,31.2623,121.6941,1.9257,61.7261,76.2474,3,11,2
1931,59.5724,73.8986,46.0568,131.4417,0.0,71.9682,114.0324,3,7,4
1056,50.6684,43.7762,71.2566,67.2471,0.0,39.6795,44.9347,2,3,0
3349,58.1842,31.0707,100.0,231.2871,29.3503,52.4474,67.8399,1,4,3
1997,7.8776,41.1252,18.4645,14.2017,1.6382,33.1956,238.0787,2,4,1
2428,35.7063,56.924,51.2708,90.0675,0.4248,39.7439,27.0393,1,1,0
2367,33.1345,51.6572,77.1859,50.6648,0.0,39.7752,73.2569,1,3,0
2178,43.8579,54.4002,43.3153,187.5331,14.6573,39.0805,1.0,1,4,3
2430,17.6812,44.6926,14.733,98.4012,0.0666,39.392,122.8773,1,5,1
3188,47.6135,40.2421,56.8402,180.454,27.4227,45.1176,66.7022,1,8,3
3449,15.1401,37.8387,19.6763,95.887,0.0,45.6989,118.278,3,5,1
3622,43.5456,38.1967,11.9172,61.4966,2.1089,47.1268,96.9884,2,3,1
1254,40.9012,40.9856,18.6118,6.5815,1.1743,43.199,178.7948,1,8,1
3353,44.6801,43.6818,46.6898,81.1576,0.3119,45.9039,64.0918,1,1,0
3606,81.5906,66.9175,16.6141,57.4156,0.0419,99.1247,54.8495,3,9,4
1235,41.7483,66.222,32.2166,249.4507,10.0,41.2061,68.6739,2,4,3
3913,24.0803,36.9489,5.3592,35.3731,1.4608,33.0948,145.4224,1,7,1
3444,100.0,66.5513,32.2643,92.1538,2.895,70.9337,24.799,2,13,2
3852,42.4029,67.0802,48.4923,30.4387,1.7603,35.2312,61.2719,2,1,0
1185,46.747,45.9896,5.4782,70.0803,0.7314,38.2789,105.0786,2,6,1
1410,37.2121,65.1305,65.6561,150.0,10.5226,49.2462,11.506,2,7,3
2392,59.7799,29.9365,1.3078,71.6556,0.0,45.053,183.4581,1,5,1
1468,31.8024,40.8059,62.9366,178.7826,23.2474,39.9421,39.7706,1,10,3
1278,61.1122,28.7445,67.1402,43.3531,1.6291,51.308,27.5375,1,2,0
3195,29.1216,54.5306,85.7447,43.9877,0.5368,46.3733,72.7816,1,3,0
1833,83.968,58.8328,35.8274,65.7257,2.025,57.3311,96.0197,2,10,2
2671,72.6981,50.2399,43.3021,38.9307,0.0,92.0894,65.9635,3,6,4
3691,79.9404,81.0884,59.702,73.06,0.0,79.663,118.8328,3,3,4
1957,39.0378,46.1924,23.9492,39.581,0.793,45.6412,106.945,2,8,1
2069,88.0197,79.4639,65.7253,64.4115,1.6906,56.4338,109.9951,3,12,2
1655,30.0816,66.734,0.6938,59.4004,0.2014,31.7864,99.7959,1,3,1
2136,88.552,60.0503,37.9547,117.6961,0.9718,89.4971,61.8508,3,3,4
3033,51.874,44.8497,10.2395,54.497,0.2413,46.8047,168.3405,1,5,1
2472,88.4256,78.3544,66.1542,55.4349,0.4525,65.5961,51.1025,2,11,2
2629,21.0618,15.2648,72.0577,269.7401,33.4046,39.9356,19.723,1,5,3
2667,68.3359,31.3109,96.8447,212.0549,10.0,44.4544,112.5759,2,8,3
1728,49.2397,40.3427,76.9051,74.4665,0.3059,50.7327,44.8565,1,1,0
1750,49.8098,34.8374,14.6247,56.2726,0.8422,61.451,92.2601,1,6,1
3035,71.708,51.2914,46.2053,27.4258,0.3941,90.0484,83.0454,2,6,4
3772,86.5992,80.9547,54.0367,53.6576,1.0837,61.1262,107.2787,3,9,2
2729,89.3177,79.0919,57.0577,55.4488,0.0,52.5256,80.6283,3,10,2
3220,29.4891,32.574,66.21,258.8865,10.0,47.8944,101.1662,2,11,3
2947,81.5971,77.0219,28.7741,67.827,3.5263,67.7893,69.3772,3,11,2
2502,87.0326,90.7024,25.1118,66.4386,0.9624,85.0121,101.9133,2,5,4
2664,66.1257,66.4994,59.7099,76.4149,1.2661,80.7201,157.7172,3,6,4
1793,69.7275,54.2447,98.2766,218.4447,10.2253,33.9864,1.0,1,6,3
1985,38.5861,45.5336,77.4089,76.5009,0.4297,35.1785,47.3622,1,1,0
3036,25.6956,62.7921,57.7208,245.6164,24.1243,48.2848,77.8782,1,4,3
3909,43.0117,75.0,91.8918,150.0,17.6234,46.6132,16.4701,2,7,3
2500,34.0155,42.0018,20.4124,56.437,0.5584,45.0189,127.1786,1,4,1
2654,55.0,48.8121,12.5929,61.8884,2.3188,82.7625,71.2553,3,3,4
1241,83.9362,83.0761,50.9222,47.6678,1.3531,73.9341,98.2265,2,13,2
3496,25.3226,45.3105,84.2885,179.6019,22.2447,46.8362,12.3913,1,5,3
1869,83.8293,71.7926,77.1572,64.9137,0.0,79.1451,150.3583,2,6,4
2912,14.0889,48.0838,69.233,210.6817,15.4578,41.4723,20.7428,2,8,3
2160,31.1191,60.9671,17.7293,62.8726,1.2671,52.1873,104.8945,1,5,1
2605,80.314,74.9667,36.904,80.0789,1.1561,59.0476,71.4709,2,7,2
1572,77.5892,35.0,40.8708,82.1233,0.981,82.2511,94.9689,2,8,4
2011,85.9302,61.4195,25.9498,76.8996,2.4991,56.4484,76.6363,3,8,2
1753,24.0838,40.953,70.8571,237.6534,30.5944,42.4271,98.6342,1,6,3
3278,40.7671,41.1809,62.5488,51.1934,0.7435,31.9516,65.9976,2,1,0
2618,96.0905,67.4448,49.1526,62.6356,3.7856,73.8868,10.0,3,4,4
3005,64.7639,42.7342,58.2626,25.9939,0.9993,31.1036,35.2139,1,1,0
3378,1.8048,39.1805,66.046,222.2492,19.9991,39.5474,85.3256,2,5,3
3585,12.4841,41.4761,15.3153,59.3632,0.5563,46.9416,130.2838,1,5,1
2417,66.2048,68.0678,64.4399,77.8291,1.4434,81.1461,112.0443,2,8,4
2710,70.0,33.8137,88.5374,241.4754,15.2379,40.2858,67.8042,2,6,3
3695,81.3338,66.3949,42.3221,79.681,0.4843,94.4,54.8149,3,4,4
2879,22.3781,44.6744,16.3076,80.83,0.5978,59.4705,182.3792,1,3,1
2521,49.2876,31.3068,68.5887,63.1717,0.5936,31.5272,13.5261,1,2,0
3905,75.298,35.0,40.6292,67.6908,1.2031,89.143,86.4931,3,7,4
3389,20.1872,38.4481,9.6755,58.0649,3.0696,47.2337,97.1381,2,4,1
2752,31.2337,49.5886,65.4969,165.7687,12.5307,39.4259,17.376,1,11,3
1220,29.7861,45.4816,91.3585,79.2309,0.2754,54.0099,31.1727,2,0,0
3784,39.6121,51.6709,73.9293,73.7731,0.0,48.1777,47.0475,1,3,0
1913,21.3247,54.4222,11.4839,78.133,0.0,27.4639,102.7113,2,7,1
1728,33.3441,41.5623,20.0,190.4966,29.9171,47.2405,78.0076,1,4,3
1785,26.8482,38.4689,8.39,75.522,2.1205,38.7012,144.2617,3,5,1
2715,100.0,66.4532,66.3162,90.5143,1.9657,71.6157,22.5878,2,14,2
2416,90.2655,52.1355,70.4611,103.758,0.8971,79.9724,136.8745,2,8,4
2108,100.0,59.8852,40.5466,49.014,0.6722,79.0293,102.7072,3,7,4
1833,98.3828,70.4172,37.5281,80.0907,0.0,65.8438,53.0325,3,7,2
2420,43.5256,43.3092,37.9744,256.0704,20.2504,44.5392,113.7729,1,5,3
2395,40.5648,50.3306,20.3126,81.6767,1.3286,37.0466,168.5653,1,8,1
1291,100.0,75.222,58.601,67.263,2.0203,45.657,34.5044,3,10,2
3505,34.1529,51.7172,43.8302,17.021,1.4186,47.3473,27.9274,1,0,0
1314,93.3029,62.8766,34.2093,80.0388,0.8276,84.6667,44.0544,3,6,4
3227,11.8655,44.6556,68.4832,281.8939,15.4655,41.4541,103.8276,2,7,3
1155,88.2125,77.083,76.3497,67.1313,0.0,65.87,49.5811,3,11,2
2445,62.6684,45.0903,80.3304,62.45,0.0,42.1519,18.312,1,0,0
3962,77.3179,87.1471,70.0756,63.2019,1.4331,67.0988,1.0,2,11,2
3434,35.6021,28.9206,75.3595,75.2113,0.9081,52.8997,25.2768,1,2,0
3772,36.27,58.011,81.7144,190.2966,23.1188,58.4391,79.7373,2,7,3
3592,93.0412,76.6489,69.4414,61.1546,1.4214,60.9367,93.5508,2,11,2
2364,54.8711,47.192,0.0,47.6372,0.0,51.1491,73.754,2,8,1
3840,32.568,75.0,13.9886,4.4706,1.3664,32.5879,81.1497,1,5,1
2182,84.5859,89.497,68.5064,122.9607,1.697,61.1365,32.5986,2,10,2
2852,0.0,43.5023,16.4429,101.1119,1.3414,38.0101,208.9738,1,7,1
